-- phpMyAdmin SQL Dump
-- version 5.1.1
-- https://www.phpmyadmin.net/
--
-- Host: 127.0.0.1
-- Waktu pembuatan: 02 Okt 2022 pada 12.06
-- Versi server: 10.4.21-MariaDB
-- Versi PHP: 7.4.29

SET SQL_MODE = "NO_AUTO_VALUE_ON_ZERO";
START TRANSACTION;
SET time_zone = "+00:00";


/*!40101 SET @OLD_CHARACTER_SET_CLIENT=@@CHARACTER_SET_CLIENT */;
/*!40101 SET @OLD_CHARACTER_SET_RESULTS=@@CHARACTER_SET_RESULTS */;
/*!40101 SET @OLD_COLLATION_CONNECTION=@@COLLATION_CONNECTION */;
/*!40101 SET NAMES utf8mb4 */;

--
-- Database: `butik`
--

-- --------------------------------------------------------

--
-- Struktur dari tabel `ci_sessions`
--

CREATE TABLE `ci_sessions` (
  `id` varchar(128) NOT NULL,
  `ip_address` varchar(45) NOT NULL,
  `timestamp` int(10) UNSIGNED NOT NULL DEFAULT 0,
  `data` blob NOT NULL
) ENGINE=InnoDB DEFAULT CHARSET=utf8mb4;

--
-- Dumping data untuk tabel `ci_sessions`
--

INSERT INTO `ci_sessions` (`id`, `ip_address`, `timestamp`, `data`) VALUES
('aotkas04jvc70f6uks22pei1ea6b2j1a', '::1', 1663188312, 0x5f5f63695f6c6173745f726567656e65726174657c693a313636333138383331323b7265646972656374696f6e7c4e3b6c6f67696e5f666c6173687c733a31353a2250617373776f72642073616c616821223b5f5f63695f766172737c613a323a7b733a31313a226c6f67696e5f666c617368223b733a333a226f6c64223b733a31323a226f6c645f757365726e616d65223b733a333a226f6c64223b7d6f6c645f757365726e616d657c733a383a227766697264617573223b),
('e8ngt1coavuvftghitu08jp2au9o55e2', '::1', 1663188669, 0x5f5f63695f6c6173745f726567656e65726174657c693a313636333138383636393b7265646972656374696f6e7c4e3b6c6f67696e5f666c6173687c733a31353a2250617373776f72642073616c616821223b5f5f63695f766172737c613a333a7b733a31313a226c6f67696e5f666c617368223b733a333a226f6c64223b733a31323a226f6c645f757365726e616d65223b733a333a226f6c64223b733a31343a2273657474696e67735f666c617368223b733a333a226f6c64223b7d6f6c645f757365726e616d657c733a383a227766697264617573223b5f5f4143544956455f53455353494f4e5f444154417c733a3235363a2264346137643661663462313963303864383363343566333133333734633536323866633832313538383464376664396338616162366163386665303635613462393763373066343534663438613035653838653164623530376634656432646336333637653833633533383831613839623137653463613833623238336633643231585754777539646a6f46377a2b33646c4c7a6d523939532b474a536d4f6d6851556b397768774358346f5375784a4547763647392b5668552b5a5a4b61442b36684c364c3538306755327674464672357a3054786e513130563951677442504f49754876444e734749657a794e4d693631477632525944655173636b4270223b73657474696e67735f666c6173687c733a32363a2250726f66696c20626572686173696c2064697065726261727569223b),
('uoo7n8auobevn2l8q8i75hcm00kjbk8k', '::1', 1663190106, 0x5f5f63695f6c6173745f726567656e65726174657c693a313636333139303130363b5f5f4143544956455f53455353494f4e5f444154417c733a3235363a22616137336563323934363065323533326639303665306165393934383031666164303830613936383866333162366636633836666436343564616137376235363962613931313030393266373166646565623365633335346537646161663132353863656333633630633037366463346138313761386462646436393461343664704c6746636833325a5457383979763647656b476d697446564241436c4c4b426e7769776e524431622f5953305a7539546f7369335a6c6a6b5064326d7a585a71594c4d465647524b654d55323854626a4f65544750316d61526e4f4c2f73734d6b306573703430584a4456557562777976366c726a785643694841573875223b73746f72655f666c6173687c733a32363a2250656e646166746172616e20616b756e20626572686173696c21223b5f5f63695f766172737c613a323a7b733a31313a2273746f72655f666c617368223b733a333a226f6c64223b733a31313a226f726465725f666c617368223b733a333a226f6c64223b7d6f726465725f666c6173687c733a32363a224f7264657220626572686173696c20646974616d6261686b616e223b636172745f636f6e74656e74737c613a333a7b733a31303a22636172745f746f74616c223b643a31303030303b733a31313a22746f74616c5f6974656d73223b643a313b733a33323a226138376666363739613266336537316439313831613637623735343231323263223b613a363a7b733a323a226964223b733a313a2234223b733a333a22717479223b643a313b733a353a227072696365223b643a31303030303b733a343a226e616d65223b733a353a22546f6d6174223b733a353a22726f776964223b733a33323a226138376666363739613266336537316439313831613637623735343231323263223b733a383a22737562746f74616c223b643a31303030303b7d7d),
('o409kt77ntn0qtk18e24nh02ns3baa0p', '::1', 1663189366, 0x5f5f63695f6c6173745f726567656e65726174657c693a313636333138393336363b7265646972656374696f6e7c4e3b6c6f67696e5f666c6173687c733a31353a2250617373776f72642073616c616821223b5f5f63695f766172737c613a343a7b733a31313a226c6f67696e5f666c617368223b733a333a226f6c64223b733a31323a226f6c645f757365726e616d65223b733a333a226f6c64223b733a31343a2273657474696e67735f666c617368223b733a333a226f6c64223b733a31383a22656469745f70726f647563745f666c617368223b733a333a226f6c64223b7d6f6c645f757365726e616d657c733a383a227766697264617573223b5f5f4143544956455f53455353494f4e5f444154417c733a3235363a2264346137643661663462313963303864383363343566333133333734633536323866633832313538383464376664396338616162366163386665303635613462393763373066343534663438613035653838653164623530376634656432646336333637653833633533383831613839623137653463613833623238336633643231585754777539646a6f46377a2b33646c4c7a6d523939532b474a536d4f6d6851556b397768774358346f5375784a4547763647392b5668552b5a5a4b61442b36684c364c3538306755327674464672357a3054786e513130563951677442504f49754876444e734749657a794e4d693631477632525944655173636b4270223b73657474696e67735f666c6173687c733a32363a2250726f66696c20626572686173696c2064697065726261727569223b656469745f70726f647563745f666c6173687c733a32373a2250726f64756b20626572686173696c206469706572626172756921223b),
('hgoptms1hfm3q8h69709ucit9e5npq10', '::1', 1663189709, 0x5f5f63695f6c6173745f726567656e65726174657c693a313636333138393730393b7265646972656374696f6e7c4e3b6c6f67696e5f666c6173687c733a31353a2250617373776f72642073616c616821223b5f5f63695f766172737c613a343a7b733a31313a226c6f67696e5f666c617368223b733a333a226f6c64223b733a31323a226f6c645f757365726e616d65223b733a333a226f6c64223b733a31343a2273657474696e67735f666c617368223b733a333a226f6c64223b733a31383a22656469745f70726f647563745f666c617368223b733a333a226f6c64223b7d6f6c645f757365726e616d657c733a383a227766697264617573223b5f5f4143544956455f53455353494f4e5f444154417c733a3235363a2264346137643661663462313963303864383363343566333133333734633536323866633832313538383464376664396338616162366163386665303635613462393763373066343534663438613035653838653164623530376634656432646336333637653833633533383831613839623137653463613833623238336633643231585754777539646a6f46377a2b33646c4c7a6d523939532b474a536d4f6d6851556b397768774358346f5375784a4547763647392b5668552b5a5a4b61442b36684c364c3538306755327674464672357a3054786e513130563951677442504f49754876444e734749657a794e4d693631477632525944655173636b4270223b73657474696e67735f666c6173687c733a32363a2250726f66696c20626572686173696c2064697065726261727569223b656469745f70726f647563745f666c6173687c733a32373a2250726f64756b20626572686173696c206469706572626172756921223b),
('j30qgdlvpt0kgcgdts0429ben8upj78k', '::1', 1663190033, 0x5f5f63695f6c6173745f726567656e65726174657c693a313636333139303033333b7265646972656374696f6e7c4e3b6c6f67696e5f666c6173687c733a31353a2250617373776f72642073616c616821223b5f5f63695f766172737c613a343a7b733a31313a226c6f67696e5f666c617368223b733a333a226f6c64223b733a31323a226f6c645f757365726e616d65223b733a333a226f6c64223b733a31343a2273657474696e67735f666c617368223b733a333a226f6c64223b733a31383a22656469745f70726f647563745f666c617368223b733a333a226f6c64223b7d6f6c645f757365726e616d657c733a383a227766697264617573223b5f5f4143544956455f53455353494f4e5f444154417c733a3235363a2264346137643661663462313963303864383363343566333133333734633536323866633832313538383464376664396338616162366163386665303635613462393763373066343534663438613035653838653164623530376634656432646336333637653833633533383831613839623137653463613833623238336633643231585754777539646a6f46377a2b33646c4c7a6d523939532b474a536d4f6d6851556b397768774358346f5375784a4547763647392b5668552b5a5a4b61442b36684c364c3538306755327674464672357a3054786e513130563951677442504f49754876444e734749657a794e4d693631477632525944655173636b4270223b73657474696e67735f666c6173687c733a32363a2250726f66696c20626572686173696c2064697065726261727569223b656469745f70726f647563745f666c6173687c733a32373a2250726f64756b20626572686173696c206469706572626172756921223b),
('ajo7srlqokrv6rrcho1h417u8dkocu9v', '::1', 1663190815, 0x5f5f63695f6c6173745f726567656e65726174657c693a313636333139303831353b7265646972656374696f6e7c4e3b6c6f67696e5f666c6173687c733a31353a2250617373776f72642073616c616821223b5f5f63695f766172737c613a343a7b733a31313a226c6f67696e5f666c617368223b733a333a226f6c64223b733a31323a226f6c645f757365726e616d65223b733a333a226f6c64223b733a31343a2273657474696e67735f666c617368223b733a333a226f6c64223b733a31383a22656469745f70726f647563745f666c617368223b733a333a226f6c64223b7d6f6c645f757365726e616d657c733a383a227766697264617573223b5f5f4143544956455f53455353494f4e5f444154417c733a3235363a2264346137643661663462313963303864383363343566333133333734633536323866633832313538383464376664396338616162366163386665303635613462393763373066343534663438613035653838653164623530376634656432646336333637653833633533383831613839623137653463613833623238336633643231585754777539646a6f46377a2b33646c4c7a6d523939532b474a536d4f6d6851556b397768774358346f5375784a4547763647392b5668552b5a5a4b61442b36684c364c3538306755327674464672357a3054786e513130563951677442504f49754876444e734749657a794e4d693631477632525944655173636b4270223b73657474696e67735f666c6173687c733a32363a2250726f66696c20626572686173696c2064697065726261727569223b656469745f70726f647563745f666c6173687c733a32373a2250726f64756b20626572686173696c206469706572626172756921223b),
('5u0uus06mgqp56b8doaokj478ce799m8', '::1', 1663190645, 0x5f5f63695f6c6173745f726567656e65726174657c693a313636333139303634353b5f5f4143544956455f53455353494f4e5f444154417c733a3235363a22616137336563323934363065323533326639303665306165393934383031666164303830613936383866333162366636633836666436343564616137376235363962613931313030393266373166646565623365633335346537646161663132353863656333633630633037366463346138313761386462646436393461343664704c6746636833325a5457383979763647656b476d697446564241436c4c4b426e7769776e524431622f5953305a7539546f7369335a6c6a6b5064326d7a585a71594c4d465647524b654d55323854626a4f65544750316d61526e4f4c2f73734d6b306573703430584a4456557562777976366c726a785643694841573875223b73746f72655f666c6173687c733a32363a2250656e646166746172616e20616b756e20626572686173696c21223b5f5f63695f766172737c613a323a7b733a31313a2273746f72655f666c617368223b733a333a226f6c64223b733a31313a226f726465725f666c617368223b733a333a226f6c64223b7d6f726465725f666c6173687c733a32363a224f7264657220626572686173696c20646974616d6261686b616e223b636172745f636f6e74656e74737c613a333a7b733a31303a22636172745f746f74616c223b643a31303030303b733a31313a22746f74616c5f6974656d73223b643a313b733a33323a226138376666363739613266336537316439313831613637623735343231323263223b613a363a7b733a323a226964223b733a313a2234223b733a333a22717479223b643a313b733a353a227072696365223b643a31303030303b733a343a226e616d65223b733a353a22546f6d6174223b733a353a22726f776964223b733a33323a226138376666363739613266336537316439313831613637623735343231323263223b733a383a22737562746f74616c223b643a31303030303b7d7d),
('8le867gjbrpknb5n3i640sqqd6q3i9c1', '::1', 1663191627, 0x5f5f63695f6c6173745f726567656e65726174657c693a313636333139313632373b5f5f4143544956455f53455353494f4e5f444154417c733a3235363a22616137336563323934363065323533326639303665306165393934383031666164303830613936383866333162366636633836666436343564616137376235363962613931313030393266373166646565623365633335346537646161663132353863656333633630633037366463346138313761386462646436393461343664704c6746636833325a5457383979763647656b476d697446564241436c4c4b426e7769776e524431622f5953305a7539546f7369335a6c6a6b5064326d7a585a71594c4d465647524b654d55323854626a4f65544750316d61526e4f4c2f73734d6b306573703430584a4456557562777976366c726a785643694841573875223b73746f72655f666c6173687c733a32363a2250656e646166746172616e20616b756e20626572686173696c21223b5f5f63695f766172737c613a323a7b733a31313a2273746f72655f666c617368223b733a333a226f6c64223b733a31313a226f726465725f666c617368223b733a333a226f6c64223b7d6f726465725f666c6173687c733a32363a224f7264657220626572686173696c20646974616d6261686b616e223b636172745f636f6e74656e74737c613a343a7b733a31303a22636172745f746f74616c223b643a34333030303b733a31313a22746f74616c5f6974656d73223b643a323b733a33323a226138376666363739613266336537316439313831613637623735343231323263223b613a363a7b733a323a226964223b733a313a2234223b733a333a22717479223b643a313b733a353a227072696365223b643a31303030303b733a343a226e616d65223b733a353a22546f6d6174223b733a353a22726f776964223b733a33323a226138376666363739613266336537316439313831613637623735343231323263223b733a383a22737562746f74616c223b643a31303030303b7d733a33323a226161623332333839323262636332356136663630366562353235666664633536223b613a363a7b733a323a226964223b733a323a223134223b733a333a22717479223b643a313b733a353a227072696365223b643a33333030303b733a343a226e616d65223b733a31313a224361626169204d65726168223b733a353a22726f776964223b733a33323a226161623332333839323262636332356136663630366562353235666664633536223b733a383a22737562746f74616c223b643a33333030303b7d7d),
('35b23aqsc9md05jih80fv2kee5odinb5', '::1', 1663192440, 0x5f5f63695f6c6173745f726567656e65726174657c693a313636333139323434303b7265646972656374696f6e7c4e3b6c6f67696e5f666c6173687c733a31353a2250617373776f72642073616c616821223b5f5f63695f766172737c613a343a7b733a31313a226c6f67696e5f666c617368223b733a333a226f6c64223b733a31323a226f6c645f757365726e616d65223b733a333a226f6c64223b733a31343a2273657474696e67735f666c617368223b733a333a226f6c64223b733a31383a22656469745f70726f647563745f666c617368223b733a333a226f6c64223b7d6f6c645f757365726e616d657c733a383a227766697264617573223b5f5f4143544956455f53455353494f4e5f444154417c733a3235363a2264346137643661663462313963303864383363343566333133333734633536323866633832313538383464376664396338616162366163386665303635613462393763373066343534663438613035653838653164623530376634656432646336333637653833633533383831613839623137653463613833623238336633643231585754777539646a6f46377a2b33646c4c7a6d523939532b474a536d4f6d6851556b397768774358346f5375784a4547763647392b5668552b5a5a4b61442b36684c364c3538306755327674464672357a3054786e513130563951677442504f49754876444e734749657a794e4d693631477632525944655173636b4270223b73657474696e67735f666c6173687c733a32363a2250726f66696c20626572686173696c2064697065726261727569223b656469745f70726f647563745f666c6173687c733a32373a2250726f64756b20626572686173696c206469706572626172756921223b),
('rs2ucnj47qgl32o36ni08djhvhjdhtpe', '::1', 1663192186, 0x5f5f63695f6c6173745f726567656e65726174657c693a313636333139323138363b73746f72655f666c6173687c733a32363a2250656e646166746172616e20616b756e20626572686173696c21223b5f5f63695f766172737c613a333a7b733a31313a2273746f72655f666c617368223b733a333a226f6c64223b733a31313a226f726465725f666c617368223b733a333a226f6c64223b733a31313a226c6f67696e5f666c617368223b733a333a226f6c64223b7d6f726465725f666c6173687c733a32363a224f7264657220626572686173696c20646974616d6261686b616e223b636172745f636f6e74656e74737c613a343a7b733a31303a22636172745f746f74616c223b643a34333030303b733a31313a22746f74616c5f6974656d73223b643a323b733a33323a226138376666363739613266336537316439313831613637623735343231323263223b613a363a7b733a323a226964223b733a313a2234223b733a333a22717479223b643a313b733a353a227072696365223b643a31303030303b733a343a226e616d65223b733a353a22546f6d6174223b733a353a22726f776964223b733a33323a226138376666363739613266336537316439313831613637623735343231323263223b733a383a22737562746f74616c223b643a31303030303b7d733a33323a226161623332333839323262636332356136663630366562353235666664633536223b613a363a7b733a323a226964223b733a323a223134223b733a333a22717479223b643a313b733a353a227072696365223b643a33333030303b733a343a226e616d65223b733a31313a224361626169204d65726168223b733a353a22726f776964223b733a33323a226161623332333839323262636332356136663630366562353235666664633536223b733a383a22737562746f74616c223b643a33333030303b7d7d6c6f67696e5f666c6173687c733a31363a22426572686173696c206c6f676f757421223b7265646972656374696f6e7c4e3b),
('3i22g1ol840ptoakq8vr3a5c33j8tp6j', '::1', 1663192636, 0x5f5f63695f6c6173745f726567656e65726174657c693a313636333139323633363b73746f72655f666c6173687c733a32363a2250656e646166746172616e20616b756e20626572686173696c21223b5f5f63695f766172737c613a333a7b733a31313a2273746f72655f666c617368223b733a333a226f6c64223b733a31313a226f726465725f666c617368223b733a333a226f6c64223b733a31313a226c6f67696e5f666c617368223b733a333a226f6c64223b7d6f726465725f666c6173687c733a32363a224f7264657220626572686173696c20646974616d6261686b616e223b636172745f636f6e74656e74737c613a343a7b733a31303a22636172745f746f74616c223b643a34333030303b733a31313a22746f74616c5f6974656d73223b643a323b733a33323a226138376666363739613266336537316439313831613637623735343231323263223b613a363a7b733a323a226964223b733a313a2234223b733a333a22717479223b643a313b733a353a227072696365223b643a31303030303b733a343a226e616d65223b733a353a22546f6d6174223b733a353a22726f776964223b733a33323a226138376666363739613266336537316439313831613637623735343231323263223b733a383a22737562746f74616c223b643a31303030303b7d733a33323a226161623332333839323262636332356136663630366562353235666664633536223b613a363a7b733a323a226964223b733a323a223134223b733a333a22717479223b643a313b733a353a227072696365223b643a33333030303b733a343a226e616d65223b733a31313a224361626169204d65726168223b733a353a22726f776964223b733a33323a226161623332333839323262636332356136663630366562353235666664633536223b733a383a22737562746f74616c223b643a33333030303b7d7d6c6f67696e5f666c6173687c733a31363a22426572686173696c206c6f676f757421223b7265646972656374696f6e7c4e3b),
('dc0oj0vg8p8q9gvbbs22fjcqubcql1i0', '::1', 1663192771, 0x5f5f63695f6c6173745f726567656e65726174657c693a313636333139323737313b7265646972656374696f6e7c4e3b6c6f67696e5f666c6173687c733a31353a2250617373776f72642073616c616821223b5f5f63695f766172737c613a343a7b733a31313a226c6f67696e5f666c617368223b733a333a226f6c64223b733a31323a226f6c645f757365726e616d65223b733a333a226f6c64223b733a31343a2273657474696e67735f666c617368223b733a333a226f6c64223b733a31383a22656469745f70726f647563745f666c617368223b733a333a226f6c64223b7d6f6c645f757365726e616d657c733a383a227766697264617573223b5f5f4143544956455f53455353494f4e5f444154417c733a3235363a2264346137643661663462313963303864383363343566333133333734633536323866633832313538383464376664396338616162366163386665303635613462393763373066343534663438613035653838653164623530376634656432646336333637653833633533383831613839623137653463613833623238336633643231585754777539646a6f46377a2b33646c4c7a6d523939532b474a536d4f6d6851556b397768774358346f5375784a4547763647392b5668552b5a5a4b61442b36684c364c3538306755327674464672357a3054786e513130563951677442504f49754876444e734749657a794e4d693631477632525944655173636b4270223b73657474696e67735f666c6173687c733a32363a2250726f66696c20626572686173696c2064697065726261727569223b656469745f70726f647563745f666c6173687c733a32373a2250726f64756b20626572686173696c206469706572626172756921223b),
('ih541on9g2h82ssk67g4na47c9ulsnn9', '::1', 1663193726, 0x5f5f63695f6c6173745f726567656e65726174657c693a313636333139333732363b73746f72655f666c6173687c733a32363a2250656e646166746172616e20616b756e20626572686173696c21223b5f5f63695f766172737c613a333a7b733a31313a2273746f72655f666c617368223b733a333a226f6c64223b733a31313a226f726465725f666c617368223b733a333a226f6c64223b733a31313a226c6f67696e5f666c617368223b733a333a226f6c64223b7d6f726465725f666c6173687c733a32363a224f7264657220626572686173696c20646974616d6261686b616e223b636172745f636f6e74656e74737c613a343a7b733a31303a22636172745f746f74616c223b643a34333030303b733a31313a22746f74616c5f6974656d73223b643a323b733a33323a226138376666363739613266336537316439313831613637623735343231323263223b613a363a7b733a323a226964223b733a313a2234223b733a333a22717479223b643a313b733a353a227072696365223b643a31303030303b733a343a226e616d65223b733a353a22546f6d6174223b733a353a22726f776964223b733a33323a226138376666363739613266336537316439313831613637623735343231323263223b733a383a22737562746f74616c223b643a31303030303b7d733a33323a226161623332333839323262636332356136663630366562353235666664633536223b613a363a7b733a323a226964223b733a323a223134223b733a333a22717479223b643a313b733a353a227072696365223b643a33333030303b733a343a226e616d65223b733a31313a224361626169204d65726168223b733a353a22726f776964223b733a33323a226161623332333839323262636332356136663630366562353235666664633536223b733a383a22737562746f74616c223b643a33333030303b7d7d6c6f67696e5f666c6173687c733a31363a22426572686173696c206c6f676f757421223b7265646972656374696f6e7c4e3b),
('ac10d8ooalpcgrg79268clgbc6l16j1r', '::1', 1663193441, 0x5f5f63695f6c6173745f726567656e65726174657c693a313636333139333434313b7265646972656374696f6e7c4e3b6c6f67696e5f666c6173687c733a31353a2250617373776f72642073616c616821223b5f5f63695f766172737c613a343a7b733a31313a226c6f67696e5f666c617368223b733a333a226f6c64223b733a31323a226f6c645f757365726e616d65223b733a333a226f6c64223b733a31343a2273657474696e67735f666c617368223b733a333a226f6c64223b733a31383a22656469745f70726f647563745f666c617368223b733a333a226f6c64223b7d6f6c645f757365726e616d657c733a383a227766697264617573223b5f5f4143544956455f53455353494f4e5f444154417c733a3235363a2264346137643661663462313963303864383363343566333133333734633536323866633832313538383464376664396338616162366163386665303635613462393763373066343534663438613035653838653164623530376634656432646336333637653833633533383831613839623137653463613833623238336633643231585754777539646a6f46377a2b33646c4c7a6d523939532b474a536d4f6d6851556b397768774358346f5375784a4547763647392b5668552b5a5a4b61442b36684c364c3538306755327674464672357a3054786e513130563951677442504f49754876444e734749657a794e4d693631477632525944655173636b4270223b73657474696e67735f666c6173687c733a32363a2250726f66696c20626572686173696c2064697065726261727569223b656469745f70726f647563745f666c6173687c733a32373a2250726f64756b20626572686173696c206469706572626172756921223b),
('qir57a9cn99aj4fajvg8ijogp211iafh', '::1', 1663193818, 0x5f5f63695f6c6173745f726567656e65726174657c693a313636333139333831383b7265646972656374696f6e7c4e3b6c6f67696e5f666c6173687c733a34393a22557365722064656e67616e20757365726e616d65203c623e6b617369723c2f623e20746964616b20746572646166746172223b5f5f63695f766172737c613a343a7b733a31313a226c6f67696e5f666c617368223b733a333a226f6c64223b733a31323a226f6c645f757365726e616d65223b733a333a226f6c64223b733a31343a2273657474696e67735f666c617368223b733a333a226f6c64223b733a31383a22656469745f70726f647563745f666c617368223b733a333a226f6c64223b7d6f6c645f757365726e616d657c733a383a227766697264617573223b5f5f4143544956455f53455353494f4e5f444154417c733a3235363a2266613662393462393836643336616234306538663533336666343933356365366535366533643039656261663565356463386433333533666131363361666437326539376262343037626337323062366531613663353539393933303536353333316430613939326134623733316432386661373238616661633839626530396f767568784f5a4577496d744e627a4150776474736a5a534f39507a2f75356233596d6b424342694e4d7073594d734a4a7149314e6b4d3956417167316251756b58374b7957664474374135306e6d79355457596872624f6a63626e6b634a39782b664f6d462f694d67486a4648696e56645531754e663553467a356f444662223b73657474696e67735f666c6173687c733a32363a2250726f66696c20626572686173696c2064697065726261727569223b656469745f70726f647563745f666c6173687c733a32373a2250726f64756b20626572686173696c206469706572626172756921223b),
('nv4qid1koucgj07ge6l480ln5svj5d79', '::1', 1663193864, 0x5f5f63695f6c6173745f726567656e65726174657c693a313636333139333732363b73746f72655f666c6173687c733a32363a2250656e646166746172616e20616b756e20626572686173696c21223b5f5f63695f766172737c613a333a7b733a31313a2273746f72655f666c617368223b733a333a226f6c64223b733a31313a226f726465725f666c617368223b733a333a226f6c64223b733a31313a226c6f67696e5f666c617368223b733a333a226f6c64223b7d6f726465725f666c6173687c733a32363a224f7264657220626572686173696c20646974616d6261686b616e223b636172745f636f6e74656e74737c613a343a7b733a31303a22636172745f746f74616c223b643a34333030303b733a31313a22746f74616c5f6974656d73223b643a323b733a33323a226138376666363739613266336537316439313831613637623735343231323263223b613a363a7b733a323a226964223b733a313a2234223b733a333a22717479223b643a313b733a353a227072696365223b643a31303030303b733a343a226e616d65223b733a353a22546f6d6174223b733a353a22726f776964223b733a33323a226138376666363739613266336537316439313831613637623735343231323263223b733a383a22737562746f74616c223b643a31303030303b7d733a33323a226161623332333839323262636332356136663630366562353235666664633536223b613a363a7b733a323a226964223b733a323a223134223b733a333a22717479223b643a313b733a353a227072696365223b643a33333030303b733a343a226e616d65223b733a31313a224361626169204d65726168223b733a353a22726f776964223b733a33323a226161623332333839323262636332356136663630366562353235666664633536223b733a383a22737562746f74616c223b643a33333030303b7d7d6c6f67696e5f666c6173687c733a31363a22426572686173696c206c6f676f757421223b7265646972656374696f6e7c4e3b),
('7ee6il0ke97u9fkog0lghoveho3g875b', '::1', 1663194426, 0x5f5f63695f6c6173745f726567656e65726174657c693a313636333139343432363b7265646972656374696f6e7c4e3b6c6f67696e5f666c6173687c733a34393a22557365722064656e67616e20757365726e616d65203c623e6b617369723c2f623e20746964616b20746572646166746172223b5f5f63695f766172737c613a343a7b733a31313a226c6f67696e5f666c617368223b733a333a226f6c64223b733a31323a226f6c645f757365726e616d65223b733a333a226f6c64223b733a31343a2273657474696e67735f666c617368223b733a333a226f6c64223b733a31383a22656469745f70726f647563745f666c617368223b733a333a226f6c64223b7d6f6c645f757365726e616d657c733a383a227766697264617573223b5f5f4143544956455f53455353494f4e5f444154417c733a3235363a2266613662393462393836643336616234306538663533336666343933356365366535366533643039656261663565356463386433333533666131363361666437326539376262343037626337323062366531613663353539393933303536353333316430613939326134623733316432386661373238616661633839626530396f767568784f5a4577496d744e627a4150776474736a5a534f39507a2f75356233596d6b424342694e4d7073594d734a4a7149314e6b4d3956417167316251756b58374b7957664474374135306e6d79355457596872624f6a63626e6b634a39782b664f6d462f694d67486a4648696e56645531754e663553467a356f444662223b73657474696e67735f666c6173687c733a32363a2250726f66696c20626572686173696c2064697065726261727569223b656469745f70726f647563745f666c6173687c733a32373a2250726f64756b20626572686173696c206469706572626172756921223b),
('mhpkntjomub2cqregjbk1u3o4hhlgrbl', '::1', 1663194689, 0x5f5f63695f6c6173745f726567656e65726174657c693a313636333139343432363b7265646972656374696f6e7c4e3b6c6f67696e5f666c6173687c733a34393a22557365722064656e67616e20757365726e616d65203c623e6b617369723c2f623e20746964616b20746572646166746172223b5f5f63695f766172737c613a343a7b733a31313a226c6f67696e5f666c617368223b733a333a226f6c64223b733a31323a226f6c645f757365726e616d65223b733a333a226f6c64223b733a31343a2273657474696e67735f666c617368223b733a333a226f6c64223b733a31383a22656469745f70726f647563745f666c617368223b733a333a226f6c64223b7d6f6c645f757365726e616d657c733a383a227766697264617573223b5f5f4143544956455f53455353494f4e5f444154417c733a3235363a2266613662393462393836643336616234306538663533336666343933356365366535366533643039656261663565356463386433333533666131363361666437326539376262343037626337323062366531613663353539393933303536353333316430613939326134623733316432386661373238616661633839626530396f767568784f5a4577496d744e627a4150776474736a5a534f39507a2f75356233596d6b424342694e4d7073594d734a4a7149314e6b4d3956417167316251756b58374b7957664474374135306e6d79355457596872624f6a63626e6b634a39782b664f6d462f694d67486a4648696e56645531754e663553467a356f444662223b73657474696e67735f666c6173687c733a32363a2250726f66696c20626572686173696c2064697065726261727569223b656469745f70726f647563745f666c6173687c733a32373a2250726f64756b20626572686173696c206469706572626172756921223b),
('r8luv4o7lrkjue26rfmlhgett9ppne2p', '::1', 1663354059, 0x5f5f63695f6c6173745f726567656e65726174657c693a313636333335343035393b7265646972656374696f6e7c4e3b),
('msddkp40rlu1gehb6iitdlj1f1dra25i', '::1', 1663353170, 0x5f5f63695f6c6173745f726567656e65726174657c693a313636333335333137303b7265646972656374696f6e7c4e3b),
('j02kk840m5rqmoqcfn6luj5ssl7pbiiq', '::1', 1663353205, 0x5f5f63695f6c6173745f726567656e65726174657c693a313636333335333137303b7265646972656374696f6e7c4e3b),
('qct58e3aifvvl1aip3jutdseq9dqg1da', '::1', 1663354092, 0x5f5f63695f6c6173745f726567656e65726174657c693a313636333335343035393b7265646972656374696f6e7c733a39323a226148523063446f764c327876593246736147397a6443396c4c5842686332467959326c735a58567565576b766157356b5a586775634768774c324e3163335276625756794c3342686557316c626e527a4c324e76626d5a70636d303d223b),
('3fu5ttulhtm037matdd89d14mi4hvtv7', '::1', 1663512701, 0x5f5f63695f6c6173745f726567656e65726174657c693a313636333531323730313b7265646972656374696f6e7c4e3b6c6f67696e5f666c6173687c733a31353a2250617373776f72642073616c616821223b5f5f63695f766172737c613a323a7b733a31313a226c6f67696e5f666c617368223b733a333a226f6c64223b733a31323a226f6c645f757365726e616d65223b733a333a226f6c64223b7d6f6c645f757365726e616d657c733a383a226261676b61736972223b5f5f4143544956455f53455353494f4e5f444154417c733a3235363a22393233633734373030383964333261363865633165656263323939626662646563613932326662636436396630373039386637623864633638613366373565626564656532363834653066323635323431663331383165323137666536393563316539616130323239386363333164376437363539356539353364316432663673637933582b4638314d47394a6963654950636c33717568696c6e6371746d4c3748594c383558754b5a4837307545575555354d474a5770487a4f5a42785948574b2b385654335254487271334c69556c662f544a6d6b38576b6a6e494c69666334304f38444a4e4f46657861796c2f356c70656f565139786d446f5372502b223b),
('qrblumldvqbp2qer3fj0hc936o8k4tca', '::1', 1663513078, 0x5f5f63695f6c6173745f726567656e65726174657c693a313636333531333037383b7265646972656374696f6e7c4e3b6c6f67696e5f666c6173687c733a31353a2250617373776f72642073616c616821223b5f5f63695f766172737c613a323a7b733a31313a226c6f67696e5f666c617368223b733a333a226f6c64223b733a31323a226f6c645f757365726e616d65223b733a333a226f6c64223b7d6f6c645f757365726e616d657c733a383a226261676b61736972223b5f5f4143544956455f53455353494f4e5f444154417c733a3235363a22393233633734373030383964333261363865633165656263323939626662646563613932326662636436396630373039386637623864633638613366373565626564656532363834653066323635323431663331383165323137666536393563316539616130323239386363333164376437363539356539353364316432663673637933582b4638314d47394a6963654950636c33717568696c6e6371746d4c3748594c383558754b5a4837307545575555354d474a5770487a4f5a42785948574b2b385654335254487271334c69556c662f544a6d6b38576b6a6e494c69666334304f38444a4e4f46657861796c2f356c70656f565139786d446f5372502b223b),
('3rt4sce2nfvdbq6ul1ljtjrrqm2280ti', '::1', 1663513573, 0x5f5f63695f6c6173745f726567656e65726174657c693a313636333531333537333b7265646972656374696f6e7c4e3b6c6f67696e5f666c6173687c733a31353a2250617373776f72642073616c616821223b5f5f63695f766172737c613a323a7b733a31313a226c6f67696e5f666c617368223b733a333a226f6c64223b733a31323a226f6c645f757365726e616d65223b733a333a226f6c64223b7d6f6c645f757365726e616d657c733a383a226261676b61736972223b5f5f4143544956455f53455353494f4e5f444154417c733a3235363a22393233633734373030383964333261363865633165656263323939626662646563613932326662636436396630373039386637623864633638613366373565626564656532363834653066323635323431663331383165323137666536393563316539616130323239386363333164376437363539356539353364316432663673637933582b4638314d47394a6963654950636c33717568696c6e6371746d4c3748594c383558754b5a4837307545575555354d474a5770487a4f5a42785948574b2b385654335254487271334c69556c662f544a6d6b38576b6a6e494c69666334304f38444a4e4f46657861796c2f356c70656f565139786d446f5372502b223b),
('4h3hj8d6cr2dih285p6pguel75v3bnl3', '::1', 1663513876, 0x5f5f63695f6c6173745f726567656e65726174657c693a313636333531333837363b7265646972656374696f6e7c4e3b6c6f67696e5f666c6173687c733a31353a2250617373776f72642073616c616821223b5f5f63695f766172737c613a343a7b733a31313a226c6f67696e5f666c617368223b733a333a226f6c64223b733a31323a226f6c645f757365726e616d65223b733a333a226f6c64223b733a32313a226164645f6e65775f70726f647563745f666c617368223b733a333a226f6c64223b733a31383a22656469745f70726f647563745f666c617368223b733a333a226f6c64223b7d6f6c645f757365726e616d657c733a383a226261676b61736972223b5f5f4143544956455f53455353494f4e5f444154417c733a3235363a22393233633734373030383964333261363865633165656263323939626662646563613932326662636436396630373039386637623864633638613366373565626564656532363834653066323635323431663331383165323137666536393563316539616130323239386363333164376437363539356539353364316432663673637933582b4638314d47394a6963654950636c33717568696c6e6371746d4c3748594c383558754b5a4837307545575555354d474a5770487a4f5a42785948574b2b385654335254487271334c69556c662f544a6d6b38576b6a6e494c69666334304f38444a4e4f46657861796c2f356c70656f565139786d446f5372502b223b6164645f6e65775f70726f647563745f666c6173687c733a33333a2250726f64756b206261727520626572686173696c20646974616d6261686b616e21223b656469745f70726f647563745f666c6173687c733a32373a2250726f64756b20626572686173696c206469706572626172756921223b),
('18j8o8241otaai3ahqqrjm9rvobdf0h7', '::1', 1663514208, 0x5f5f63695f6c6173745f726567656e65726174657c693a313636333531343230383b7265646972656374696f6e7c4e3b6c6f67696e5f666c6173687c733a31353a2250617373776f72642073616c616821223b5f5f63695f766172737c613a353a7b733a31313a226c6f67696e5f666c617368223b733a333a226f6c64223b733a31323a226f6c645f757365726e616d65223b733a333a226f6c64223b733a32313a226164645f6e65775f70726f647563745f666c617368223b733a333a226f6c64223b733a31383a22656469745f70726f647563745f666c617368223b733a333a226f6c64223b733a31313a226f726465725f666c617368223b733a333a226f6c64223b7d6f6c645f757365726e616d657c733a383a226261676b61736972223b5f5f4143544956455f53455353494f4e5f444154417c733a3235363a22393233633734373030383964333261363865633165656263323939626662646563613932326662636436396630373039386637623864633638613366373565626564656532363834653066323635323431663331383165323137666536393563316539616130323239386363333164376437363539356539353364316432663673637933582b4638314d47394a6963654950636c33717568696c6e6371746d4c3748594c383558754b5a4837307545575555354d474a5770487a4f5a42785948574b2b385654335254487271334c69556c662f544a6d6b38576b6a6e494c69666334304f38444a4e4f46657861796c2f356c70656f565139786d446f5372502b223b6164645f6e65775f70726f647563745f666c6173687c733a33333a2250726f64756b206261727520626572686173696c20646974616d6261686b616e21223b656469745f70726f647563745f666c6173687c733a32373a2250726f64756b20626572686173696c206469706572626172756921223b6f726465725f666c6173687c733a32363a2253746174757320626572686173696c2064697065726261727569223b),
('9g4frvdd38rr5u2tgicpl2came8719th', '::1', 1663514530, 0x5f5f63695f6c6173745f726567656e65726174657c693a313636333531343533303b7265646972656374696f6e7c4e3b6c6f67696e5f666c6173687c733a31353a2250617373776f72642073616c616821223b5f5f63695f766172737c613a353a7b733a31313a226c6f67696e5f666c617368223b733a333a226f6c64223b733a31323a226f6c645f757365726e616d65223b733a333a226f6c64223b733a32313a226164645f6e65775f70726f647563745f666c617368223b733a333a226f6c64223b733a31383a22656469745f70726f647563745f666c617368223b733a333a226f6c64223b733a31313a226f726465725f666c617368223b733a333a226f6c64223b7d6f6c645f757365726e616d657c733a383a226261676b61736972223b5f5f4143544956455f53455353494f4e5f444154417c733a3235363a22393233633734373030383964333261363865633165656263323939626662646563613932326662636436396630373039386637623864633638613366373565626564656532363834653066323635323431663331383165323137666536393563316539616130323239386363333164376437363539356539353364316432663673637933582b4638314d47394a6963654950636c33717568696c6e6371746d4c3748594c383558754b5a4837307545575555354d474a5770487a4f5a42785948574b2b385654335254487271334c69556c662f544a6d6b38576b6a6e494c69666334304f38444a4e4f46657861796c2f356c70656f565139786d446f5372502b223b6164645f6e65775f70726f647563745f666c6173687c733a33333a2250726f64756b206261727520626572686173696c20646974616d6261686b616e21223b656469745f70726f647563745f666c6173687c733a32373a2250726f64756b20626572686173696c206469706572626172756921223b6f726465725f666c6173687c733a32363a2253746174757320626572686173696c2064697065726261727569223b),
('amg0amgvfijb40pf7o03fqgk8ko61950', '::1', 1663515031, 0x5f5f63695f6c6173745f726567656e65726174657c693a313636333531353033313b7265646972656374696f6e7c4e3b6c6f67696e5f666c6173687c733a31353a2250617373776f72642073616c616821223b5f5f63695f766172737c613a353a7b733a31313a226c6f67696e5f666c617368223b733a333a226f6c64223b733a31323a226f6c645f757365726e616d65223b733a333a226f6c64223b733a32313a226164645f6e65775f70726f647563745f666c617368223b733a333a226f6c64223b733a31383a22656469745f70726f647563745f666c617368223b733a333a226f6c64223b733a31313a226f726465725f666c617368223b733a333a226f6c64223b7d6f6c645f757365726e616d657c733a383a226261676b61736972223b5f5f4143544956455f53455353494f4e5f444154417c733a3235363a22393233633734373030383964333261363865633165656263323939626662646563613932326662636436396630373039386637623864633638613366373565626564656532363834653066323635323431663331383165323137666536393563316539616130323239386363333164376437363539356539353364316432663673637933582b4638314d47394a6963654950636c33717568696c6e6371746d4c3748594c383558754b5a4837307545575555354d474a5770487a4f5a42785948574b2b385654335254487271334c69556c662f544a6d6b38576b6a6e494c69666334304f38444a4e4f46657861796c2f356c70656f565139786d446f5372502b223b6164645f6e65775f70726f647563745f666c6173687c733a33333a2250726f64756b206261727520626572686173696c20646974616d6261686b616e21223b656469745f70726f647563745f666c6173687c733a32373a2250726f64756b20626572686173696c206469706572626172756921223b6f726465725f666c6173687c733a32363a2253746174757320626572686173696c2064697065726261727569223b),
('d266l8co25ob8co9233bita5vv39b98c', '::1', 1663515378, 0x5f5f63695f6c6173745f726567656e65726174657c693a313636333531353337383b7265646972656374696f6e7c4e3b6c6f67696e5f666c6173687c733a31353a2250617373776f72642073616c616821223b5f5f63695f766172737c613a353a7b733a31313a226c6f67696e5f666c617368223b733a333a226f6c64223b733a31323a226f6c645f757365726e616d65223b733a333a226f6c64223b733a32313a226164645f6e65775f70726f647563745f666c617368223b733a333a226f6c64223b733a31383a22656469745f70726f647563745f666c617368223b733a333a226f6c64223b733a31313a226f726465725f666c617368223b733a333a226f6c64223b7d6f6c645f757365726e616d657c733a383a226261676b61736972223b5f5f4143544956455f53455353494f4e5f444154417c733a3235363a22393233633734373030383964333261363865633165656263323939626662646563613932326662636436396630373039386637623864633638613366373565626564656532363834653066323635323431663331383165323137666536393563316539616130323239386363333164376437363539356539353364316432663673637933582b4638314d47394a6963654950636c33717568696c6e6371746d4c3748594c383558754b5a4837307545575555354d474a5770487a4f5a42785948574b2b385654335254487271334c69556c662f544a6d6b38576b6a6e494c69666334304f38444a4e4f46657861796c2f356c70656f565139786d446f5372502b223b6164645f6e65775f70726f647563745f666c6173687c733a33333a2250726f64756b206261727520626572686173696c20646974616d6261686b616e21223b656469745f70726f647563745f666c6173687c733a32373a2250726f64756b20626572686173696c206469706572626172756921223b6f726465725f666c6173687c733a32363a2253746174757320626572686173696c2064697065726261727569223b),
('6bncktaftrurk0s8pl7bnifebq8vnkgo', '::1', 1663515762, 0x5f5f63695f6c6173745f726567656e65726174657c693a313636333531353736323b7265646972656374696f6e7c4e3b6c6f67696e5f666c6173687c733a31353a2250617373776f72642073616c616821223b5f5f63695f766172737c613a353a7b733a31313a226c6f67696e5f666c617368223b733a333a226f6c64223b733a31323a226f6c645f757365726e616d65223b733a333a226f6c64223b733a32313a226164645f6e65775f70726f647563745f666c617368223b733a333a226f6c64223b733a31383a22656469745f70726f647563745f666c617368223b733a333a226f6c64223b733a31313a226f726465725f666c617368223b733a333a226f6c64223b7d6f6c645f757365726e616d657c733a383a226261676b61736972223b5f5f4143544956455f53455353494f4e5f444154417c733a3235363a2236326166356261346666316536373432626661643631616638346663353536396464356666653330623630333436323231363837633464633831343337356235363237323762343434623166346330363061313962653733313430386336363937326664663063303833663435643765333335306162336461653066623961624c484a2b2f754669347a534446327255756569396c3937577375484d5a4e497a3742614865764c684d546f78427372482b344f655679482b626a386a32384b7a774d4f4d4f31385a61544567524568384b4f7241635a4773634141774753443979394c784c6a637472584948572b656b2b7753546e7268314c6868576f6c4c6f223b6164645f6e65775f70726f647563745f666c6173687c733a33333a2250726f64756b206261727520626572686173696c20646974616d6261686b616e21223b656469745f70726f647563745f666c6173687c733a32373a2250726f64756b20626572686173696c206469706572626172756921223b6f726465725f666c6173687c733a32363a2253746174757320626572686173696c2064697065726261727569223b),
('uhqf2c8c1hno3omtcne42vo3trrg4pc9', '::1', 1663516067, 0x5f5f63695f6c6173745f726567656e65726174657c693a313636333531363036373b7265646972656374696f6e7c4e3b6c6f67696e5f666c6173687c733a31353a2250617373776f72642073616c616821223b5f5f63695f766172737c613a353a7b733a31313a226c6f67696e5f666c617368223b733a333a226f6c64223b733a31323a226f6c645f757365726e616d65223b733a333a226f6c64223b733a32313a226164645f6e65775f70726f647563745f666c617368223b733a333a226f6c64223b733a31383a22656469745f70726f647563745f666c617368223b733a333a226f6c64223b733a31313a226f726465725f666c617368223b733a333a226f6c64223b7d6f6c645f757365726e616d657c733a383a226261676b61736972223b5f5f4143544956455f53455353494f4e5f444154417c733a3235363a2237336162656437336266613862306162616266386334346431313839346637646535643663313139653464623430306466346235393931316363353335313264366433386631626436613965623562663637613430636465363330656537343939343461366638376333303562313462356135346261353834663361376430634e7a6d4e6356463869544237384d6774563463574347703754724a6641533872416c4961625970447973517638436f655771337145316e636c46512b5678644c76645a544e6638344c51506a626b6931714b32314a686c512b7a312f586b615a4e7355646f6e46615556794848386e576d336e7a394e47686c5869453238704c223b6164645f6e65775f70726f647563745f666c6173687c733a33333a2250726f64756b206261727520626572686173696c20646974616d6261686b616e21223b656469745f70726f647563745f666c6173687c733a32373a2250726f64756b20626572686173696c206469706572626172756921223b6f726465725f666c6173687c733a32363a2253746174757320626572686173696c2064697065726261727569223b636172745f636f6e74656e74737c613a333a7b733a31303a22636172745f746f74616c223b643a3130303030303b733a31313a22746f74616c5f6974656d73223b643a313b733a33323a223138326265306335636463643530373262623138363463646565346433643665223b613a363a7b733a323a226964223b733a323a223333223b733a333a22717479223b643a313b733a353a227072696365223b643a3130303030303b733a343a226e616d65223b733a31323a2243686966666f6e2041726d79223b733a353a22726f776964223b733a33323a223138326265306335636463643530373262623138363463646565346433643665223b733a383a22737562746f74616c223b643a3130303030303b7d7d),
('8qv3c74b3jmk5rjlsmlpmq61nc2lon64', '::1', 1663516445, 0x5f5f63695f6c6173745f726567656e65726174657c693a313636333531363434353b7265646972656374696f6e7c4e3b6c6f67696e5f666c6173687c733a31353a2250617373776f72642073616c616821223b5f5f63695f766172737c613a353a7b733a31313a226c6f67696e5f666c617368223b733a333a226f6c64223b733a31323a226f6c645f757365726e616d65223b733a333a226f6c64223b733a32313a226164645f6e65775f70726f647563745f666c617368223b733a333a226f6c64223b733a31383a22656469745f70726f647563745f666c617368223b733a333a226f6c64223b733a31313a226f726465725f666c617368223b733a333a226f6c64223b7d6f6c645f757365726e616d657c733a383a226261676b61736972223b5f5f4143544956455f53455353494f4e5f444154417c733a3235363a2237336162656437336266613862306162616266386334346431313839346637646535643663313139653464623430306466346235393931316363353335313264366433386631626436613965623562663637613430636465363330656537343939343461366638376333303562313462356135346261353834663361376430634e7a6d4e6356463869544237384d6774563463574347703754724a6641533872416c4961625970447973517638436f655771337145316e636c46512b5678644c76645a544e6638344c51506a626b6931714b32314a686c512b7a312f586b615a4e7355646f6e46615556794848386e576d336e7a394e47686c5869453238704c223b6164645f6e65775f70726f647563745f666c6173687c733a33333a2250726f64756b206261727520626572686173696c20646974616d6261686b616e21223b656469745f70726f647563745f666c6173687c733a32373a2250726f64756b20626572686173696c206469706572626172756921223b6f726465725f666c6173687c733a32363a2253746174757320626572686173696c2064697065726261727569223b636172745f636f6e74656e74737c613a333a7b733a31303a22636172745f746f74616c223b643a3130303030303b733a31313a22746f74616c5f6974656d73223b643a313b733a33323a223138326265306335636463643530373262623138363463646565346433643665223b613a363a7b733a323a226964223b733a323a223333223b733a333a22717479223b643a313b733a353a227072696365223b643a3130303030303b733a343a226e616d65223b733a31323a2243686966666f6e2041726d79223b733a353a22726f776964223b733a33323a223138326265306335636463643530373262623138363463646565346433643665223b733a383a22737562746f74616c223b643a3130303030303b7d7d),
('iij928b522c0u3mtet40v4jsrm7krg57', '::1', 1663516978, 0x5f5f63695f6c6173745f726567656e65726174657c693a313636333531363937383b7265646972656374696f6e7c4e3b6c6f67696e5f666c6173687c733a31353a2250617373776f72642073616c616821223b5f5f63695f766172737c613a353a7b733a31313a226c6f67696e5f666c617368223b733a333a226f6c64223b733a31323a226f6c645f757365726e616d65223b733a333a226f6c64223b733a32313a226164645f6e65775f70726f647563745f666c617368223b733a333a226f6c64223b733a31383a22656469745f70726f647563745f666c617368223b733a333a226f6c64223b733a31313a226f726465725f666c617368223b733a333a226f6c64223b7d6f6c645f757365726e616d657c733a383a226261676b61736972223b5f5f4143544956455f53455353494f4e5f444154417c733a3235363a2237336162656437336266613862306162616266386334346431313839346637646535643663313139653464623430306466346235393931316363353335313264366433386631626436613965623562663637613430636465363330656537343939343461366638376333303562313462356135346261353834663361376430634e7a6d4e6356463869544237384d6774563463574347703754724a6641533872416c4961625970447973517638436f655771337145316e636c46512b5678644c76645a544e6638344c51506a626b6931714b32314a686c512b7a312f586b615a4e7355646f6e46615556794848386e576d336e7a394e47686c5869453238704c223b6164645f6e65775f70726f647563745f666c6173687c733a33333a2250726f64756b206261727520626572686173696c20646974616d6261686b616e21223b656469745f70726f647563745f666c6173687c733a32373a2250726f64756b20626572686173696c206469706572626172756921223b6f726465725f666c6173687c733a32363a2253746174757320626572686173696c2064697065726261727569223b636172745f636f6e74656e74737c613a333a7b733a31303a22636172745f746f74616c223b643a3130303030303b733a31313a22746f74616c5f6974656d73223b643a313b733a33323a223138326265306335636463643530373262623138363463646565346433643665223b613a363a7b733a323a226964223b733a323a223333223b733a333a22717479223b643a313b733a353a227072696365223b643a3130303030303b733a343a226e616d65223b733a31323a2243686966666f6e2041726d79223b733a353a22726f776964223b733a33323a223138326265306335636463643530373262623138363463646565346433643665223b733a383a22737562746f74616c223b643a3130303030303b7d7d),
('bgab90ch5luk3tni721mikp4lcttesmg', '::1', 1663516979, 0x5f5f63695f6c6173745f726567656e65726174657c693a313636333531363937383b7265646972656374696f6e7c4e3b6c6f67696e5f666c6173687c733a31353a2250617373776f72642073616c616821223b5f5f63695f766172737c613a353a7b733a31313a226c6f67696e5f666c617368223b733a333a226f6c64223b733a31323a226f6c645f757365726e616d65223b733a333a226f6c64223b733a32313a226164645f6e65775f70726f647563745f666c617368223b733a333a226f6c64223b733a31383a22656469745f70726f647563745f666c617368223b733a333a226f6c64223b733a31313a226f726465725f666c617368223b733a333a226f6c64223b7d6f6c645f757365726e616d657c733a383a226261676b61736972223b5f5f4143544956455f53455353494f4e5f444154417c733a3235363a2237336162656437336266613862306162616266386334346431313839346637646535643663313139653464623430306466346235393931316363353335313264366433386631626436613965623562663637613430636465363330656537343939343461366638376333303562313462356135346261353834663361376430634e7a6d4e6356463869544237384d6774563463574347703754724a6641533872416c4961625970447973517638436f655771337145316e636c46512b5678644c76645a544e6638344c51506a626b6931714b32314a686c512b7a312f586b615a4e7355646f6e46615556794848386e576d336e7a394e47686c5869453238704c223b6164645f6e65775f70726f647563745f666c6173687c733a33333a2250726f64756b206261727520626572686173696c20646974616d6261686b616e21223b656469745f70726f647563745f666c6173687c733a32373a2250726f64756b20626572686173696c206469706572626172756921223b6f726465725f666c6173687c733a32363a2253746174757320626572686173696c2064697065726261727569223b636172745f636f6e74656e74737c613a333a7b733a31303a22636172745f746f74616c223b643a3130303030303b733a31313a22746f74616c5f6974656d73223b643a313b733a33323a223138326265306335636463643530373262623138363463646565346433643665223b613a363a7b733a323a226964223b733a323a223333223b733a333a22717479223b643a313b733a353a227072696365223b643a3130303030303b733a343a226e616d65223b733a31323a2243686966666f6e2041726d79223b733a353a22726f776964223b733a33323a223138326265306335636463643530373262623138363463646565346433643665223b733a383a22737562746f74616c223b643a3130303030303b7d7d),
('aq6bfhsuopnse9nk2buffndjg0qgiufu', '::1', 1663812313, 0x5f5f63695f6c6173745f726567656e65726174657c693a313636333831323331333b7265646972656374696f6e7c4e3b6c6f67696e5f666c6173687c733a35323a22557365722064656e67616e20757365726e616d65203c623e6261676b617369723c2f623e20746964616b20746572646166746172223b5f5f63695f766172737c613a323a7b733a31313a226c6f67696e5f666c617368223b733a333a226f6c64223b733a31343a2273657474696e67735f666c617368223b733a333a226f6c64223b7d5f5f4143544956455f53455353494f4e5f444154417c733a3235363a22383832613830356237373266656336633036646438656231353332323439653161383737383361393764373963363137383337363631356134373730316562663866613430616131386634333662346532316231626463396239623065323362306330306266313063393462316136376138356236646532356162363331393132565941784e384b2f676757305675487045693932392f626e545651626f77796b4b4d536c77443938484e547869385957386376576172367850496264567347346d5a48592f554b6e795468447a3450464e657969333758314f786c56306a3966726f7a74775445685a5032387172534d3465752f5357336e6b71572f2f4162223b73657474696e67735f666c6173687c733a32363a2250726f66696c20626572686173696c2064697065726261727569223b);
INSERT INTO `ci_sessions` (`id`, `ip_address`, `timestamp`, `data`) VALUES
('0qfpf4ph4nqt1bf8vo2mlb4g7p14hggt', '::1', 1663812357, 0x5f5f63695f6c6173745f726567656e65726174657c693a313636333831323331333b7265646972656374696f6e7c4e3b6c6f67696e5f666c6173687c733a35323a22557365722064656e67616e20757365726e616d65203c623e6261676b617369723c2f623e20746964616b20746572646166746172223b5f5f63695f766172737c613a323a7b733a31313a226c6f67696e5f666c617368223b733a333a226f6c64223b733a31343a2273657474696e67735f666c617368223b733a333a226f6c64223b7d5f5f4143544956455f53455353494f4e5f444154417c733a3235363a22383832613830356237373266656336633036646438656231353332323439653161383737383361393764373963363137383337363631356134373730316562663866613430616131386634333662346532316231626463396239623065323362306330306266313063393462316136376138356236646532356162363331393132565941784e384b2f676757305675487045693932392f626e545651626f77796b4b4d536c77443938484e547869385957386376576172367850496264567347346d5a48592f554b6e795468447a3450464e657969333758314f786c56306a3966726f7a74775445685a5032387172534d3465752f5357336e6b71572f2f4162223b73657474696e67735f666c6173687c733a32363a2250726f66696c20626572686173696c2064697065726261727569223b),
('ei0bllpv2gaol9nnrl3hno80hhmbhls3', '::1', 1664111626, 0x5f5f63695f6c6173745f726567656e65726174657c693a313636343131313632363b7265646972656374696f6e7c4e3b),
('0ier3bls6737p2jgldugf0rreeh5ehb3', '::1', 1664112047, 0x5f5f63695f6c6173745f726567656e65726174657c693a313636343131323034373b7265646972656374696f6e7c4e3b6c6f67696e5f666c6173687c733a31353a2250617373776f72642073616c616821223b5f5f63695f766172737c613a323a7b733a31313a226c6f67696e5f666c617368223b733a333a226f6c64223b733a31323a226f6c645f757365726e616d65223b733a333a226f6c64223b7d6f6c645f757365726e616d657c733a383a226261676b61736972223b),
('ire03q5e0ks6jknf63emarvj724tos7k', '::1', 1664112438, 0x5f5f63695f6c6173745f726567656e65726174657c693a313636343131323433383b7265646972656374696f6e7c4e3b6c6f67696e5f666c6173687c733a31353a2250617373776f72642073616c616821223b5f5f63695f766172737c613a323a7b733a31313a226c6f67696e5f666c617368223b733a333a226f6c64223b733a31323a226f6c645f757365726e616d65223b733a333a226f6c64223b7d6f6c645f757365726e616d657c733a383a226261676b61736972223b),
('8rj6kf8i2e21ujoeuue196iq3r1dvv3i', '::1', 1664112751, 0x5f5f63695f6c6173745f726567656e65726174657c693a313636343131323735313b5f5f4143544956455f53455353494f4e5f444154417c733a3235363a226562323161633634626264333562626330653038343362616337313639626232653264326131646635316339316437313533346131363663383862303637383063363236343134663237616536383336343035633964393834313462376433396536333034613465616534306161363639323630353964363239396133306630674d426e334e676b6c614168493035364d374d43725a714d467a42776b484454315743337675586f63423563517955436c61616e676e324c444f70355577696f6d51332f655937784e664a535972346a3779534f71494b4178317862554d734a6765736d703569434c5a584e732f714d6962726a4e6f66566530796837377a67223b7265646972656374696f6e7c4e3b),
('5tp5o9n9nnhpqe4qq7k71ha63d5m40a1', '::1', 1664114599, 0x5f5f63695f6c6173745f726567656e65726174657c693a313636343131343539393b5f5f4143544956455f53455353494f4e5f444154417c733a3235363a226562323161633634626264333562626330653038343362616337313639626232653264326131646635316339316437313533346131363663383862303637383063363236343134663237616536383336343035633964393834313462376433396536333034613465616534306161363639323630353964363239396133306630674d426e334e676b6c614168493035364d374d43725a714d467a42776b484454315743337675586f63423563517955436c61616e676e324c444f70355577696f6d51332f655937784e664a535972346a3779534f71494b4178317862554d734a6765736d703569434c5a584e732f714d6962726a4e6f66566530796837377a67223b7265646972656374696f6e7c4e3b),
('qj35pj044v2iold2733mspd1ml1t3g2u', '::1', 1664115150, 0x5f5f63695f6c6173745f726567656e65726174657c693a313636343131353135303b5f5f4143544956455f53455353494f4e5f444154417c733a3235363a226232613862336331333161303866356562356663313363343536323936613131316335316533393538613037346365653032376436376438666634363461613433663536376435303936633435356632653361643962383938633262376236313931303862306233653236386231613664616433616131636332346130326661367348737266672f50717a33494c2b334162704c674f5430645246686c526736784e6f48655873595071316239514d744d327939646656577161342f78646245674975686e5a343942626a7a48694d73526b6b657748646a556e685575676c6b57495836553864654b37496932764e36684975647a7678564476475a2b317636223b7265646972656374696f6e7c733a36343a226148523063446f764c327876593246736147397a644339696458527061323168643246794c326c755a4756344c6e426f6343396a64584e306232316c63673d3d223b),
('orgfpt7e7fg36dlo6j3fidiudmgtao94', '::1', 1664115467, 0x5f5f63695f6c6173745f726567656e65726174657c693a313636343131353436373b7265646972656374696f6e7c4e3b6c6f67696e5f666c6173687c733a31363a22426572686173696c206c6f676f757421223b5f5f63695f766172737c613a313a7b733a31313a226c6f67696e5f666c617368223b733a333a226f6c64223b7d),
('po1c4q9adlb6p13rkgfnqmjpf355efv3', '::1', 1664115817, 0x5f5f63695f6c6173745f726567656e65726174657c693a313636343131353831373b7265646972656374696f6e7c4e3b5f5f4143544956455f53455353494f4e5f444154417c733a3235363a22346363663938636131343333353331366635306632373137323435373161383939626434386233346635656136306334343366633130663566346334616261666665656562653863613766643862636537366430386430306263323139343939376466306164316431313134623864636664383730633765663662303531383244394c437951556739654f424b576a654f6949374c2b4a6f495a304f4671317456306247446d6b476733686d6d34595a4e39537a4847374f6b555a7364654650566165546a6a66304f356d6e7044574b4a6832317a4f4142566b78376465466e4e634d4c66354c564c6c70696e51734638506e70767450495a72754958335151223b),
('vgbppblm58n23f5rb14rep3skskbb4u3', '::1', 1664116225, 0x5f5f63695f6c6173745f726567656e65726174657c693a313636343131363232353b7265646972656374696f6e7c4e3b5f5f4143544956455f53455353494f4e5f444154417c733a3235363a2265363536373838303133383836386531396133303839336232613330623835356666316662356334633336393939316332393264333061353933663033303336323932636561326536353666316136643333393636356639326136386166666332366339346562613834353534343534313731653335613663636136616530344f706f375237343177746e5942562f535575794876673364327370437259627466326970326d67337a44544d577a312b734b395a536b3464386c662b4d6e656c72343053467a45433269614162792b49696854454f432f563532676756667933683941376c68464b6661675a78366473657a526e6261636d51416a7a636e3473223b),
('1oft05a5dh23mu185aucthgilukikfha', '::1', 1664116590, 0x5f5f63695f6c6173745f726567656e65726174657c693a313636343131363539303b7265646972656374696f6e7c4e3b5f5f4143544956455f53455353494f4e5f444154417c733a3235363a2265363536373838303133383836386531396133303839336232613330623835356666316662356334633336393939316332393264333061353933663033303336323932636561326536353666316136643333393636356639326136386166666332366339346562613834353534343534313731653335613663636136616530344f706f375237343177746e5942562f535575794876673364327370437259627466326970326d67337a44544d577a312b734b395a536b3464386c662b4d6e656c72343053467a45433269614162792b49696854454f432f563532676756667933683941376c68464b6661675a78366473657a526e6261636d51416a7a636e3473223b),
('1en2hbb8dd7sd6g8flsfjbr95mc9t7b4', '::1', 1664117689, 0x5f5f63695f6c6173745f726567656e65726174657c693a313636343131373638393b7265646972656374696f6e7c4e3b5f5f4143544956455f53455353494f4e5f444154417c733a3235363a2262333163346535656366313335653730396662643166646461623333343939356131383263313435353830656231333531336535663263346566383531363034653365663163626237636333323262396365386564626533363431353430333232656361336464616138643633313337323432663165646430316136373332336c62726b4a48357342356455464745317877784c6c6e7430312f6d424b614f61416d314f79316d55457233475053774a35675274544e39705a36356e34676b615977583563356d446f7469527a2b68495a43557a706755754736416c575a466841313349454756694c7265446c577370366a774a395641392b6b793363425545223b),
('67ucja82sq8p7jltc03fi8gdmlih5d52', '::1', 1664118091, 0x5f5f63695f6c6173745f726567656e65726174657c693a313636343131383039313b7265646972656374696f6e7c733a38343a226148523063446f764c327876593246736147397a644339696458527061323168643246794c326c755a4756344c6e426f634339685a47317062693977636d396b64574e306379396a5958526c5a32397965513d3d223b5f5f4143544956455f53455353494f4e5f444154417c733a3235363a226565623365646338653465643238316638643635303332306565613064303161616561353265353063363663396361353765656566333663396234643461396630336264353766373339666232346366633032646432376336343038366161393361316263653961393639323661343034393634303736323839343336616266484e3779684941385678776d4f3246464c4e36593668622f64592b6e68615148496d7968724c6f734c4b58704d79624e784556347862756b463876744871644a314d4e52704f31547035325635543151514d47486d4b5657713252396633686268365248342f36564e416d4f7445533068426e716553686272646a5031346470223b),
('8bi5h3roje5c2l2j0msa84hrvaieah3u', '::1', 1664120547, 0x5f5f63695f6c6173745f726567656e65726174657c693a313636343132303534373b5f5f4143544956455f53455353494f4e5f444154417c733a3235363a22333663666533346464643863353235383562356331646237633066326636663937383736333564333563636262346531633764303635643337383537616364313639646465303465343436623031643864303339633462313330646465333864326466346431666239396439386635323465626266646438383730343361666437642b3956444e4567566544456f6d457871555a727161644e642f6c6a6f615a6330666454743171763734395862427044784249705a4d4c6e6b546c4465665648507870727334426e483530376472524671316e56666d76432b5732433674734f70345a68415a386f36504a30394c584272502f78375a6e42317153564d3134223b),
('pdovkfhkrjd6qmkfqdrfoptnnm9lc5ao', '::1', 1664120916, 0x5f5f63695f6c6173745f726567656e65726174657c693a313636343132303931363b5f5f4143544956455f53455353494f4e5f444154417c733a3235363a22333663666533346464643863353235383562356331646237633066326636663937383736333564333563636262346531633764303635643337383537616364313639646465303465343436623031643864303339633462313330646465333864326466346431666239396439386635323465626266646438383730343361666437642b3956444e4567566544456f6d457871555a727161644e642f6c6a6f615a6330666454743171763734395862427044784249705a4d4c6e6b546c4465665648507870727334426e483530376472524671316e56666d76432b5732433674734f70345a68415a386f36504a30394c584272502f78375a6e42317153564d3134223b7265646972656374696f6e7c4e3b),
('hab4kvt53ostmp338m8bhkp09mpq15o9', '::1', 1664121236, 0x5f5f63695f6c6173745f726567656e65726174657c693a313636343132313233363b7265646972656374696f6e7c4e3b5f5f4143544956455f53455353494f4e5f444154417c733a3235363a223733626362343439626136643931653332323733343264616530333462653732383165343034333833376530613338383534316633366135303561313265353031396566363735393734663765663834366239313166633437656237343664653532646436616363613561613232613036653039663037323835386337633338397776456779794f43434d506c4e622b684e32553678577350366b615739447a6b322b47434977394267365865317964436e4d362b5258476e6d757a6d664f7355716a38706875726a624975442b6a323979597678382b446b2f6477576e75523832505a6f352f3157302f517a4549696161415431734b2b2f744a4966687776223b),
('k7fj7o1cn8uvk3garf8icdr3dessi7fn', '::1', 1664122643, 0x5f5f63695f6c6173745f726567656e65726174657c693a313636343132323634323b7265646972656374696f6e7c4e3b),
('mv487h5frivm9jp61jt81rmhdpp0kbr5', '::1', 1664122661, 0x5f5f63695f6c6173745f726567656e65726174657c693a313636343132323634323b7265646972656374696f6e7c4e3b),
('djenmcce0ip9u2u64qnoratnbpo7s65d', '::1', 1664674457, 0x5f5f63695f6c6173745f726567656e65726174657c693a313636343637343435373b7265646972656374696f6e7c4e3b5f5f4143544956455f53455353494f4e5f444154417c733a3235363a2230623765666562366134376432626532666163356366623064383637353761353463396232356530366533326430633861383134643863343536373930616564646563396535613065336439353162663335323338303065633663636161636662303736623639333135306361616366313133386539643639343239616433362b64677335613679325854466a4270786846506b5355767839566f68524654664c316c2b76443449305633426668344e69595150364c6d395a3335584c344e76766f69615879536c474f6a544e64494e64326a396f47764c70346f7473556d503739744c4c72534c4f59712f56656b714c6f4a7267666942534a616c4376574c223b),
('4hmkvmo4mp9q0mh1n8svfiaeohmeb16r', '::1', 1664674814, 0x5f5f63695f6c6173745f726567656e65726174657c693a313636343637343831343b7265646972656374696f6e7c4e3b5f5f4143544956455f53455353494f4e5f444154417c733a3235363a2230623765666562366134376432626532666163356366623064383637353761353463396232356530366533326430633861383134643863343536373930616564646563396535613065336439353162663335323338303065633663636161636662303736623639333135306361616366313133386539643639343239616433362b64677335613679325854466a4270786846506b5355767839566f68524654664c316c2b76443449305633426668344e69595150364c6d395a3335584c344e76766f69615879536c474f6a544e64494e64326a396f47764c70346f7473556d503739744c4c72534c4f59712f56656b714c6f4a7267666942534a616c4376574c223b),
('qrvnrar6kqk8c0jt5hnsn8qv8a4anhud', '::1', 1664675151, 0x5f5f63695f6c6173745f726567656e65726174657c693a313636343637353135313b7265646972656374696f6e7c4e3b5f5f4143544956455f53455353494f4e5f444154417c733a3235363a2230623765666562366134376432626532666163356366623064383637353761353463396232356530366533326430633861383134643863343536373930616564646563396535613065336439353162663335323338303065633663636161636662303736623639333135306361616366313133386539643639343239616433362b64677335613679325854466a4270786846506b5355767839566f68524654664c316c2b76443449305633426668344e69595150364c6d395a3335584c344e76766f69615879536c474f6a544e64494e64326a396f47764c70346f7473556d503739744c4c72534c4f59712f56656b714c6f4a7267666942534a616c4376574c223b),
('27lqrn1lllrbpvtj1b5dom039rno38lj', '::1', 1664675463, 0x5f5f63695f6c6173745f726567656e65726174657c693a313636343637353436333b7265646972656374696f6e7c4e3b5f5f4143544956455f53455353494f4e5f444154417c733a3235363a2230623765666562366134376432626532666163356366623064383637353761353463396232356530366533326430633861383134643863343536373930616564646563396535613065336439353162663335323338303065633663636161636662303736623639333135306361616366313133386539643639343239616433362b64677335613679325854466a4270786846506b5355767839566f68524654664c316c2b76443449305633426668344e69595150364c6d395a3335584c344e76766f69615879536c474f6a544e64494e64326a396f47764c70346f7473556d503739744c4c72534c4f59712f56656b714c6f4a7267666942534a616c4376574c223b),
('9tm89itltc43sv6tbpfc6gkbcr4jrtkf', '::1', 1664675771, 0x5f5f63695f6c6173745f726567656e65726174657c693a313636343637353737313b7265646972656374696f6e7c4e3b5f5f4143544956455f53455353494f4e5f444154417c733a3235363a2230623765666562366134376432626532666163356366623064383637353761353463396232356530366533326430633861383134643863343536373930616564646563396535613065336439353162663335323338303065633663636161636662303736623639333135306361616366313133386539643639343239616433362b64677335613679325854466a4270786846506b5355767839566f68524654664c316c2b76443449305633426668344e69595150364c6d395a3335584c344e76766f69615879536c474f6a544e64494e64326a396f47764c70346f7473556d503739744c4c72534c4f59712f56656b714c6f4a7267666942534a616c4376574c223b),
('h919fcdl67ph3i16513un2kglj4m3rl9', '::1', 1664676111, 0x5f5f63695f6c6173745f726567656e65726174657c693a313636343637363131313b7265646972656374696f6e7c4e3b5f5f4143544956455f53455353494f4e5f444154417c733a3235363a2230623765666562366134376432626532666163356366623064383637353761353463396232356530366533326430633861383134643863343536373930616564646563396535613065336439353162663335323338303065633663636161636662303736623639333135306361616366313133386539643639343239616433362b64677335613679325854466a4270786846506b5355767839566f68524654664c316c2b76443449305633426668344e69595150364c6d395a3335584c344e76766f69615879536c474f6a544e64494e64326a396f47764c70346f7473556d503739744c4c72534c4f59712f56656b714c6f4a7267666942534a616c4376574c223b),
('bq1n9d78kca5bb48ouvopguteenc8h84', '::1', 1664676430, 0x5f5f63695f6c6173745f726567656e65726174657c693a313636343637363433303b7265646972656374696f6e7c4e3b5f5f4143544956455f53455353494f4e5f444154417c733a3235363a2230623765666562366134376432626532666163356366623064383637353761353463396232356530366533326430633861383134643863343536373930616564646563396535613065336439353162663335323338303065633663636161636662303736623639333135306361616366313133386539643639343239616433362b64677335613679325854466a4270786846506b5355767839566f68524654664c316c2b76443449305633426668344e69595150364c6d395a3335584c344e76766f69615879536c474f6a544e64494e64326a396f47764c70346f7473556d503739744c4c72534c4f59712f56656b714c6f4a7267666942534a616c4376574c223b),
('57d7vk1epcujcs50tfdp5p27fm9tbria', '::1', 1664676769, 0x5f5f63695f6c6173745f726567656e65726174657c693a313636343637363736393b7265646972656374696f6e7c4e3b5f5f4143544956455f53455353494f4e5f444154417c733a3235363a2230623765666562366134376432626532666163356366623064383637353761353463396232356530366533326430633861383134643863343536373930616564646563396535613065336439353162663335323338303065633663636161636662303736623639333135306361616366313133386539643639343239616433362b64677335613679325854466a4270786846506b5355767839566f68524654664c316c2b76443449305633426668344e69595150364c6d395a3335584c344e76766f69615879536c474f6a544e64494e64326a396f47764c70346f7473556d503739744c4c72534c4f59712f56656b714c6f4a7267666942534a616c4376574c223b),
('a3qgk1plu1rndcva54en542c42qd5gck', '::1', 1664683009, 0x5f5f63695f6c6173745f726567656e65726174657c693a313636343638333030393b7265646972656374696f6e7c4e3b5f5f4143544956455f53455353494f4e5f444154417c733a3235363a2230623765666562366134376432626532666163356366623064383637353761353463396232356530366533326430633861383134643863343536373930616564646563396535613065336439353162663335323338303065633663636161636662303736623639333135306361616366313133386539643639343239616433362b64677335613679325854466a4270786846506b5355767839566f68524654664c316c2b76443449305633426668344e69595150364c6d395a3335584c344e76766f69615879536c474f6a544e64494e64326a396f47764c70346f7473556d503739744c4c72534c4f59712f56656b714c6f4a7267666942534a616c4376574c223b),
('mjt09op5tbn7ptqnv86vhtv82ffbm3cd', '::1', 1664683417, 0x5f5f63695f6c6173745f726567656e65726174657c693a313636343638333431373b7265646972656374696f6e7c4e3b5f5f4143544956455f53455353494f4e5f444154417c733a3235363a2230623765666562366134376432626532666163356366623064383637353761353463396232356530366533326430633861383134643863343536373930616564646563396535613065336439353162663335323338303065633663636161636662303736623639333135306361616366313133386539643639343239616433362b64677335613679325854466a4270786846506b5355767839566f68524654664c316c2b76443449305633426668344e69595150364c6d395a3335584c344e76766f69615879536c474f6a544e64494e64326a396f47764c70346f7473556d503739744c4c72534c4f59712f56656b714c6f4a7267666942534a616c4376574c223b),
('3rr73vjfuf3dmo28in8n72dt5sh7c7r1', '::1', 1664683793, 0x5f5f63695f6c6173745f726567656e65726174657c693a313636343638333739333b7265646972656374696f6e7c4e3b5f5f4143544956455f53455353494f4e5f444154417c733a3235363a2230623765666562366134376432626532666163356366623064383637353761353463396232356530366533326430633861383134643863343536373930616564646563396535613065336439353162663335323338303065633663636161636662303736623639333135306361616366313133386539643639343239616433362b64677335613679325854466a4270786846506b5355767839566f68524654664c316c2b76443449305633426668344e69595150364c6d395a3335584c344e76766f69615879536c474f6a544e64494e64326a396f47764c70346f7473556d503739744c4c72534c4f59712f56656b714c6f4a7267666942534a616c4376574c223b),
('0ja2mf3u8p1dgf259u4a1rv1tlbm18p2', '::1', 1664684109, 0x5f5f63695f6c6173745f726567656e65726174657c693a313636343638343130393b7265646972656374696f6e7c4e3b5f5f4143544956455f53455353494f4e5f444154417c733a3235363a2230623765666562366134376432626532666163356366623064383637353761353463396232356530366533326430633861383134643863343536373930616564646563396535613065336439353162663335323338303065633663636161636662303736623639333135306361616366313133386539643639343239616433362b64677335613679325854466a4270786846506b5355767839566f68524654664c316c2b76443449305633426668344e69595150364c6d395a3335584c344e76766f69615879536c474f6a544e64494e64326a396f47764c70346f7473556d503739744c4c72534c4f59712f56656b714c6f4a7267666942534a616c4376574c223b),
('toae3m75fipmvhqh7k8g6l5lni8umig2', '::1', 1664684452, 0x5f5f63695f6c6173745f726567656e65726174657c693a313636343638343435323b7265646972656374696f6e7c4e3b5f5f4143544956455f53455353494f4e5f444154417c733a3235363a2230623765666562366134376432626532666163356366623064383637353761353463396232356530366533326430633861383134643863343536373930616564646563396535613065336439353162663335323338303065633663636161636662303736623639333135306361616366313133386539643639343239616433362b64677335613679325854466a4270786846506b5355767839566f68524654664c316c2b76443449305633426668344e69595150364c6d395a3335584c344e76766f69615879536c474f6a544e64494e64326a396f47764c70346f7473556d503739744c4c72534c4f59712f56656b714c6f4a7267666942534a616c4376574c223b),
('ts9v2jt8mgkl47oj3pm5ugfqhcloi6je', '::1', 1664684945, 0x5f5f63695f6c6173745f726567656e65726174657c693a313636343638343934353b7265646972656374696f6e7c4e3b5f5f4143544956455f53455353494f4e5f444154417c733a3235363a2230623765666562366134376432626532666163356366623064383637353761353463396232356530366533326430633861383134643863343536373930616564646563396535613065336439353162663335323338303065633663636161636662303736623639333135306361616366313133386539643639343239616433362b64677335613679325854466a4270786846506b5355767839566f68524654664c316c2b76443449305633426668344e69595150364c6d395a3335584c344e76766f69615879536c474f6a544e64494e64326a396f47764c70346f7473556d503739744c4c72534c4f59712f56656b714c6f4a7267666942534a616c4376574c223b),
('0oshsv7it6ghnsda07o7grak5i8dc3gp', '::1', 1664685249, 0x5f5f63695f6c6173745f726567656e65726174657c693a313636343638353234393b7265646972656374696f6e7c4e3b5f5f4143544956455f53455353494f4e5f444154417c733a3235363a2230623765666562366134376432626532666163356366623064383637353761353463396232356530366533326430633861383134643863343536373930616564646563396535613065336439353162663335323338303065633663636161636662303736623639333135306361616366313133386539643639343239616433362b64677335613679325854466a4270786846506b5355767839566f68524654664c316c2b76443449305633426668344e69595150364c6d395a3335584c344e76766f69615879536c474f6a544e64494e64326a396f47764c70346f7473556d503739744c4c72534c4f59712f56656b714c6f4a7267666942534a616c4376574c223b),
('oie2b88glkfhivb2lstn0nuua8vvubkp', '::1', 1664685589, 0x5f5f63695f6c6173745f726567656e65726174657c693a313636343638353538393b7265646972656374696f6e7c4e3b5f5f4143544956455f53455353494f4e5f444154417c733a3235363a2230623765666562366134376432626532666163356366623064383637353761353463396232356530366533326430633861383134643863343536373930616564646563396535613065336439353162663335323338303065633663636161636662303736623639333135306361616366313133386539643639343239616433362b64677335613679325854466a4270786846506b5355767839566f68524654664c316c2b76443449305633426668344e69595150364c6d395a3335584c344e76766f69615879536c474f6a544e64494e64326a396f47764c70346f7473556d503739744c4c72534c4f59712f56656b714c6f4a7267666942534a616c4376574c223b),
('477hu6qcjd6r403i77b82842dsj2bmgv', '::1', 1664685922, 0x5f5f63695f6c6173745f726567656e65726174657c693a313636343638353932323b7265646972656374696f6e7c4e3b5f5f4143544956455f53455353494f4e5f444154417c733a3235363a2230623765666562366134376432626532666163356366623064383637353761353463396232356530366533326430633861383134643863343536373930616564646563396535613065336439353162663335323338303065633663636161636662303736623639333135306361616366313133386539643639343239616433362b64677335613679325854466a4270786846506b5355767839566f68524654664c316c2b76443449305633426668344e69595150364c6d395a3335584c344e76766f69615879536c474f6a544e64494e64326a396f47764c70346f7473556d503739744c4c72534c4f59712f56656b714c6f4a7267666942534a616c4376574c223b),
('vrpqtk4ola4tbcs3oib8jiv399q9kc4i', '::1', 1664686103, 0x5f5f63695f6c6173745f726567656e65726174657c693a313636343638353932323b7265646972656374696f6e7c4e3b5f5f4143544956455f53455353494f4e5f444154417c733a3235363a2230623765666562366134376432626532666163356366623064383637353761353463396232356530366533326430633861383134643863343536373930616564646563396535613065336439353162663335323338303065633663636161636662303736623639333135306361616366313133386539643639343239616433362b64677335613679325854466a4270786846506b5355767839566f68524654664c316c2b76443449305633426668344e69595150364c6d395a3335584c344e76766f69615879536c474f6a544e64494e64326a396f47764c70346f7473556d503739744c4c72534c4f59712f56656b714c6f4a7267666942534a616c4376574c223b),
('ckrkk3tn99m1rpjb274qn96nrf5q4gha', '::1', 1664698469, 0x5f5f63695f6c6173745f726567656e65726174657c693a313636343639383436393b5f5f4143544956455f53455353494f4e5f444154417c733a3235363a22643031326165306239363063373335346464393363653965353630336366646131353866326266653638626239396631343031343133303736373332313061646134396163333336306261313131303033326639356130336135373534323334323835616564656139323130646462356538396365303862623266636162303755395944775150586a4d32776459426d50676e56692f6941354c6836304f5679427a3168323647514668723637596d4f586b4f786932466b35574e49746e7358517642344c36556961534a736655506c303653796a522b624a6756352b6a4852344d5a34696b4f6474426c3644503078714f68625867596e4d41747758433954223b),
('805n9o4cmbfmrv4lkhi1elq5nfusskbb', '::1', 1664698816, 0x5f5f63695f6c6173745f726567656e65726174657c693a313636343639383831363b5f5f4143544956455f53455353494f4e5f444154417c733a3235363a22643031326165306239363063373335346464393363653965353630336366646131353866326266653638626239396631343031343133303736373332313061646134396163333336306261313131303033326639356130336135373534323334323835616564656139323130646462356538396365303862623266636162303755395944775150586a4d32776459426d50676e56692f6941354c6836304f5679427a3168323647514668723637596d4f586b4f786932466b35574e49746e7358517642344c36556961534a736655506c303653796a522b624a6756352b6a4852344d5a34696b4f6474426c3644503078714f68625867596e4d41747758433954223b),
('kja0ukdot8jach9n5em3p0r6b0fkbfig', '::1', 1664699310, 0x5f5f63695f6c6173745f726567656e65726174657c693a313636343639393331303b5f5f4143544956455f53455353494f4e5f444154417c733a3235363a22643031326165306239363063373335346464393363653965353630336366646131353866326266653638626239396631343031343133303736373332313061646134396163333336306261313131303033326639356130336135373534323334323835616564656139323130646462356538396365303862623266636162303755395944775150586a4d32776459426d50676e56692f6941354c6836304f5679427a3168323647514668723637596d4f586b4f786932466b35574e49746e7358517642344c36556961534a736655506c303653796a522b624a6756352b6a4852344d5a34696b4f6474426c3644503078714f68625867596e4d41747758433954223b),
('rm1s4bv52e7lqgcdomi7n8io3ap8p8hu', '::1', 1664706336, 0x5f5f63695f6c6173745f726567656e65726174657c693a313636343730363333363b5f5f4143544956455f53455353494f4e5f444154417c733a3235363a22643031326165306239363063373335346464393363653965353630336366646131353866326266653638626239396631343031343133303736373332313061646134396163333336306261313131303033326639356130336135373534323334323835616564656139323130646462356538396365303862623266636162303755395944775150586a4d32776459426d50676e56692f6941354c6836304f5679427a3168323647514668723637596d4f586b4f786932466b35574e49746e7358517642344c36556961534a736655506c303653796a522b624a6756352b6a4852344d5a34696b4f6474426c3644503078714f68625867596e4d41747758433954223b),
('5nl5tnv1dqs6ea973gljqpdq8ovsno68', '::1', 1664707811, 0x5f5f63695f6c6173745f726567656e65726174657c693a313636343730373831313b5f5f4143544956455f53455353494f4e5f444154417c733a3235363a22643031326165306239363063373335346464393363653965353630336366646131353866326266653638626239396631343031343133303736373332313061646134396163333336306261313131303033326639356130336135373534323334323835616564656139323130646462356538396365303862623266636162303755395944775150586a4d32776459426d50676e56692f6941354c6836304f5679427a3168323647514668723637596d4f586b4f786932466b35574e49746e7358517642344c36556961534a736655506c303653796a522b624a6756352b6a4852344d5a34696b4f6474426c3644503078714f68625867596e4d41747758433954223b),
('kh29ivjab7rmp9lqsupihk0s2etrqbpp', '::1', 1664708544, 0x5f5f63695f6c6173745f726567656e65726174657c693a313636343730383534343b5f5f4143544956455f53455353494f4e5f444154417c733a3235363a226339623731623465326330396336383466636464336564373437333661373935383262343133343531333266386436303063353366313063373761303139383030303838346338343631333131333666623137656462393732373739643437363665333431326331633138356634346465323830653531353564333363636161646b37504256527571514a31796b735a566138725550714e37615368704c594c4a34324666706f445969446b46394c3854795637564d457844466e6766705255672b6d37352b4d6f6c58615a3949326b5230735248664c306d52306a59756c53355963304a4b546d57786d2f5a336b2f78516352394758696753596d33317742223b7265646972656374696f6e7c4e3b),
('vr3p96nn10ks2ncnm6edscbjjnh0fhcg', '::1', 1664709178, 0x5f5f63695f6c6173745f726567656e65726174657c693a313636343730393137383b5f5f4143544956455f53455353494f4e5f444154417c733a3235363a226339623731623465326330396336383466636464336564373437333661373935383262343133343531333266386436303063353366313063373761303139383030303838346338343631333131333666623137656462393732373739643437363665333431326331633138356634346465323830653531353564333363636161646b37504256527571514a31796b735a566138725550714e37615368704c594c4a34324666706f445969446b46394c3854795637564d457844466e6766705255672b6d37352b4d6f6c58615a3949326b5230735248664c306d52306a59756c53355963304a4b546d57786d2f5a336b2f78516352394758696753596d33317742223b7265646972656374696f6e7c4e3b),
('v3e3n66qn2j46e46mpiu6b1qhu98bphn', '::1', 1664709630, 0x5f5f63695f6c6173745f726567656e65726174657c693a313636343730393633303b5f5f4143544956455f53455353494f4e5f444154417c733a3235363a226339623731623465326330396336383466636464336564373437333661373935383262343133343531333266386436303063353366313063373761303139383030303838346338343631333131333666623137656462393732373739643437363665333431326331633138356634346465323830653531353564333363636161646b37504256527571514a31796b735a566138725550714e37615368704c594c4a34324666706f445969446b46394c3854795637564d457844466e6766705255672b6d37352b4d6f6c58615a3949326b5230735248664c306d52306a59756c53355963304a4b546d57786d2f5a336b2f78516352394758696753596d33317742223b7265646972656374696f6e7c4e3b),
('r9380vi5jkjtsecnqjfukc54brc3vvud', '::1', 1664710092, 0x5f5f63695f6c6173745f726567656e65726174657c693a313636343731303039323b5f5f4143544956455f53455353494f4e5f444154417c733a3235363a226339623731623465326330396336383466636464336564373437333661373935383262343133343531333266386436303063353366313063373761303139383030303838346338343631333131333666623137656462393732373739643437363665333431326331633138356634346465323830653531353564333363636161646b37504256527571514a31796b735a566138725550714e37615368704c594c4a34324666706f445969446b46394c3854795637564d457844466e6766705255672b6d37352b4d6f6c58615a3949326b5230735248664c306d52306a59756c53355963304a4b546d57786d2f5a336b2f78516352394758696753596d33317742223b7265646972656374696f6e7c4e3b),
('q3s7dh15tp1599trjblmidt71p4i5kbb', '::1', 1664710506, 0x5f5f63695f6c6173745f726567656e65726174657c693a313636343731303530363b5f5f4143544956455f53455353494f4e5f444154417c733a3235363a226339623731623465326330396336383466636464336564373437333661373935383262343133343531333266386436303063353366313063373761303139383030303838346338343631333131333666623137656462393732373739643437363665333431326331633138356634346465323830653531353564333363636161646b37504256527571514a31796b735a566138725550714e37615368704c594c4a34324666706f445969446b46394c3854795637564d457844466e6766705255672b6d37352b4d6f6c58615a3949326b5230735248664c306d52306a59756c53355963304a4b546d57786d2f5a336b2f78516352394758696753596d33317742223b7265646972656374696f6e7c4e3b),
('975calfp5ft23nr1re7hq2camicjju4l', '::1', 1664710875, 0x5f5f63695f6c6173745f726567656e65726174657c693a313636343731303837353b5f5f4143544956455f53455353494f4e5f444154417c733a3235363a226339623731623465326330396336383466636464336564373437333661373935383262343133343531333266386436303063353366313063373761303139383030303838346338343631333131333666623137656462393732373739643437363665333431326331633138356634346465323830653531353564333363636161646b37504256527571514a31796b735a566138725550714e37615368704c594c4a34324666706f445969446b46394c3854795637564d457844466e6766705255672b6d37352b4d6f6c58615a3949326b5230735248664c306d52306a59756c53355963304a4b546d57786d2f5a336b2f78516352394758696753596d33317742223b7265646972656374696f6e7c4e3b),
('6rf9efbsteokemthg0f2asq7j2hes0us', '::1', 1664711207, 0x5f5f63695f6c6173745f726567656e65726174657c693a313636343731313230373b5f5f4143544956455f53455353494f4e5f444154417c733a3235363a226339623731623465326330396336383466636464336564373437333661373935383262343133343531333266386436303063353366313063373761303139383030303838346338343631333131333666623137656462393732373739643437363665333431326331633138356634346465323830653531353564333363636161646b37504256527571514a31796b735a566138725550714e37615368704c594c4a34324666706f445969446b46394c3854795637564d457844466e6766705255672b6d37352b4d6f6c58615a3949326b5230735248664c306d52306a59756c53355963304a4b546d57786d2f5a336b2f78516352394758696753596d33317742223b7265646972656374696f6e7c4e3b),
('elsitv9ik23s5d7rmr8kdcvqej3jgslc', '::1', 1664711806, 0x5f5f63695f6c6173745f726567656e65726174657c693a313636343731313830363b5f5f4143544956455f53455353494f4e5f444154417c733a3235363a226339623731623465326330396336383466636464336564373437333661373935383262343133343531333266386436303063353366313063373761303139383030303838346338343631333131333666623137656462393732373739643437363665333431326331633138356634346465323830653531353564333363636161646b37504256527571514a31796b735a566138725550714e37615368704c594c4a34324666706f445969446b46394c3854795637564d457844466e6766705255672b6d37352b4d6f6c58615a3949326b5230735248664c306d52306a59756c53355963304a4b546d57786d2f5a336b2f78516352394758696753596d33317742223b7265646972656374696f6e7c4e3b),
('7t10ss6686ch6ams35gqus6jkplnan86', '::1', 1664711821, 0x5f5f63695f6c6173745f726567656e65726174657c693a313636343731313830363b5f5f4143544956455f53455353494f4e5f444154417c733a3235363a226339623731623465326330396336383466636464336564373437333661373935383262343133343531333266386436303063353366313063373761303139383030303838346338343631333131333666623137656462393732373739643437363665333431326331633138356634346465323830653531353564333363636161646b37504256527571514a31796b735a566138725550714e37615368704c594c4a34324666706f445969446b46394c3854795637564d457844466e6766705255672b6d37352b4d6f6c58615a3949326b5230735248664c306d52306a59756c53355963304a4b546d57786d2f5a336b2f78516352394758696753596d33317742223b7265646972656374696f6e7c4e3b);

-- --------------------------------------------------------

--
-- Struktur dari tabel `contacts`
--

CREATE TABLE `contacts` (
  `id` int(10) NOT NULL,
  `parent_id` int(10) DEFAULT NULL,
  `name` varchar(32) NOT NULL,
  `subject` varchar(128) DEFAULT NULL,
  `email` varchar(64) NOT NULL,
  `message` mediumtext NOT NULL,
  `contact_date` datetime DEFAULT NULL,
  `status` tinyint(1) DEFAULT 1,
  `reply_at` datetime DEFAULT NULL
) ENGINE=InnoDB DEFAULT CHARSET=utf8mb4;

-- --------------------------------------------------------

--
-- Struktur dari tabel `coupons`
--

CREATE TABLE `coupons` (
  `id` bigint(20) NOT NULL,
  `name` varchar(191) NOT NULL,
  `code` varchar(32) NOT NULL,
  `credit` decimal(8,2) NOT NULL,
  `start_date` date NOT NULL,
  `expired_date` date NOT NULL,
  `is_active` tinyint(4) DEFAULT 1
) ENGINE=InnoDB DEFAULT CHARSET=utf8mb4;

--
-- Dumping data untuk tabel `coupons`
--

INSERT INTO `coupons` (`id`, `name`, `code`, `credit`, `start_date`, `expired_date`, `is_active`) VALUES
(6, 'Penggunabaru', 'PB001', '10000.00', '2022-09-15', '2022-09-17', 1);

-- --------------------------------------------------------

--
-- Struktur dari tabel `customers`
--

CREATE TABLE `customers` (
  `id` bigint(20) NOT NULL,
  `user_id` bigint(20) UNSIGNED DEFAULT NULL,
  `name` varchar(191) NOT NULL,
  `phone_number` varchar(32) DEFAULT NULL,
  `address` varchar(191) NOT NULL,
  `profile_picture` varchar(191) DEFAULT NULL
) ENGINE=InnoDB DEFAULT CHARSET=utf8mb4;

--
-- Dumping data untuk tabel `customers`
--

INSERT INTO `customers` (`id`, `user_id`, `name`, `phone_number`, `address`, `profile_picture`) VALUES
(1, 3, 'Pembeli1', '08098780907', 'Kadugede', NULL),
(2, 4, 'Pembeli2', '0987877328378', 'Haurkuning', NULL),
(12, 0, 'Ali', '085155126055', 'dwwlwd', NULL),
(13, 0, 'Cek', '2323823244', 'asasas', NULL);

-- --------------------------------------------------------

--
-- Struktur dari tabel `orders`
--

CREATE TABLE `orders` (
  `id` bigint(20) NOT NULL,
  `user_id` bigint(20) UNSIGNED DEFAULT NULL,
  `coupon_id` bigint(20) DEFAULT NULL,
  `order_number` varchar(16) NOT NULL,
  `order_status` enum('1','2','3','4','5') DEFAULT '1',
  `order_date` datetime NOT NULL,
  `total_price` decimal(8,2) DEFAULT NULL,
  `total_items` int(10) DEFAULT NULL,
  `payment_method` int(11) DEFAULT 1,
  `delivery_data` text DEFAULT NULL,
  `delivered_date` datetime DEFAULT NULL,
  `finish_date` datetime DEFAULT NULL
) ENGINE=InnoDB DEFAULT CHARSET=utf8mb4;

--
-- Dumping data untuk tabel `orders`
--

INSERT INTO `orders` (`id`, `user_id`, `coupon_id`, `order_number`, `order_status`, `order_date`, `total_price`, `total_items`, `payment_method`, `delivery_data`, `delivered_date`, `finish_date`) VALUES
(5, 8, NULL, 'TJL2932027019', '2', '2020-03-29 08:14:50', '271000.00', 2, 1, '{\"customer\":{\"name\":\"Agung Tri Saputra\",\"phone_number\":\"081328907767\",\"address\":\"Kost Indah Jaya Belakang No. 19, Jl. Medan Baru VI, Kandang Limun, Bengkulu\"},\"note\":\"\"}', NULL, NULL),
(6, 10, NULL, 'JQZ2932017914', '1', '2020-03-29 08:15:13', '350000.00', 1, 2, '{\"customer\":{\"name\":\"Agung Tri Saputra\",\"phone_number\":\"081328907767\",\"address\":\"Kost Indah Jaya Belakang No. 19, Jl. Medan Baru VI, Kandang Limun, Bengkulu\"},\"note\":\"\"}', NULL, NULL),
(7, 11, NULL, 'TIB3032037078', '2', '2020-03-30 08:49:42', '78000.00', 3, 1, '{\"customer\":{\"name\":\"Agung Tri Saputra\",\"phone_number\":\"081328907767\",\"address\":\"Kost Indah Jaya Belakang No. 19, Jl. Medan Baru VI, Kandang Limun, Bengkulu\"},\"note\":\"\"}', NULL, NULL),
(8, 8, 6, 'GPS3032027749', '1', '2020-03-30 09:14:27', '360000.00', 2, 1, '{\"customer\":{\"name\":\"Agung Tri Saputra\",\"phone_number\":\"081328907767\",\"address\":\"Kost Indah Jaya Belakang No. 19, Jl. Medan Baru VI, Kandang Limun, Bengkulu\"},\"note\":\"\"}', NULL, NULL),
(17, 10, 6, 'AUE149222126025', '4', '2022-10-02 22:52:52', '33000.00', 2, 2, '{\"customer\":{\"name\":\"Nada Nabilah Syauqina\",\"phone_number\":\"0895617503059\",\"address\":\"Nusaherang, Kuningan\"},\"note\":\"\"}', NULL, NULL);

-- --------------------------------------------------------

--
-- Struktur dari tabel `order_item`
--

CREATE TABLE `order_item` (
  `id` bigint(20) NOT NULL,
  `order_id` bigint(20) DEFAULT NULL,
  `product_id` bigint(20) DEFAULT NULL,
  `order_qty` int(10) NOT NULL,
  `order_price` decimal(8,2) DEFAULT NULL
) ENGINE=InnoDB DEFAULT CHARSET=utf8mb4;

--
-- Dumping data untuk tabel `order_item`
--

INSERT INTO `order_item` (`id`, `order_id`, `product_id`, `order_qty`, `order_price`) VALUES
(3, 4, 32, 1, '31000.00'),
(4, 4, 32, 13, '20000.00'),
(5, 5, 32, 1, '31000.00'),
(6, 5, 33, 12, '20000.00'),
(7, 6, 32, 10, '35000.00'),
(8, 7, 32, 1, '12000.00'),
(9, 7, 33, 1, '35000.00'),
(10, 7, 33, 1, '31000.00'),
(11, 8, 32, 1, '35000.00'),
(12, 8, 33, 5, '65000.00'),
(13, 9, 34, 1, '20000.00'),
(14, 10, 33, 2, '20000.00'),
(15, 11, 33, 1, '65000.00'),
(16, 12, 32, 1, '19000.00'),
(17, 12, 35, 1, '25000.00'),
(18, 12, 34, 1, '35000.00'),
(19, 13, 35, 5, '25000.00'),
(20, 14, 35, 5, '25000.00'),
(21, 15, 32, 1, '5000.00'),
(22, 15, 36, 1, '48000.00'),
(23, 16, 34, 2, '65000.00'),
(24, 17, 34, 1, '31000.00'),
(25, 17, 32, 1, '12000.00');

-- --------------------------------------------------------

--
-- Struktur dari tabel `payments`
--

CREATE TABLE `payments` (
  `id` bigint(20) NOT NULL,
  `order_id` bigint(20) DEFAULT NULL,
  `payment_price` decimal(8,2) DEFAULT NULL,
  `payment_date` datetime NOT NULL,
  `picture_name` varchar(191) DEFAULT NULL,
  `payment_status` enum('1','2','3') DEFAULT '1',
  `confirmed_date` datetime DEFAULT NULL,
  `payment_data` text DEFAULT NULL
) ENGINE=InnoDB DEFAULT CHARSET=utf8mb4;

--
-- Dumping data untuk tabel `payments`
--

INSERT INTO `payments` (`id`, `order_id`, `payment_price`, `payment_date`, `picture_name`, `payment_status`, `confirmed_date`, `payment_data`) VALUES
(4, 5, '271000.00', '2020-03-29 08:20:39', 'category-1.jpg', '1', NULL, '{\"transfer_to\":\"bri\",\"source\":{\"bank\":\"Bank BRI\",\"name\":\"Agung Tri Saputra\",\"number\":\"12-345-678-9\"}}'),
(5, 7, '78000.00', '2020-03-30 08:51:08', 'html5.jpg', '2', NULL, '{\"transfer_to\":\"btn\",\"source\":{\"bank\":\"BANK BCA\",\"name\":\"MMS\",\"number\":\"123-456\"}}');

-- --------------------------------------------------------

--
-- Struktur dari tabel `products`
--

CREATE TABLE `products` (
  `id` bigint(20) NOT NULL,
  `category_id` int(10) DEFAULT NULL,
  `sku` varchar(32) DEFAULT NULL,
  `name` varchar(191) NOT NULL,
  `description` varchar(191) DEFAULT NULL,
  `picture_name` varchar(191) DEFAULT NULL,
  `price` decimal(8,2) NOT NULL,
  `current_discount` decimal(8,2) DEFAULT 0.00,
  `stock` int(10) NOT NULL,
  `product_unit` varchar(32) DEFAULT NULL,
  `is_available` tinyint(1) DEFAULT 1,
  `add_date` datetime DEFAULT NULL
) ENGINE=InnoDB DEFAULT CHARSET=utf8mb4;

--
-- Dumping data untuk tabel `products`
--

INSERT INTO `products` (`id`, `category_id`, `sku`, `name`, `description`, `picture_name`, `price`, `current_discount`, `stock`, `product_unit`, `is_available`, `add_date`) VALUES
(32, 15, 'PCK145828', 'Chiffon Cream', NULL, 'f0dd4bc4d04990afbd348fd790c4313e.jpg', '100000.00', '25000.00', 45, 'pcs', 1, '2022-09-18 17:10:27'),
(33, 15, 'PAK110002', 'Chiffon Army', NULL, '339f229a6290f142849dfb2f2d69e0ef.jpg', '100000.00', '0.00', 10, 'pcs', 1, '2022-09-18 17:13:22'),
(34, 15, 'FSK810209', 'Fluff Scarf Telur Asin', NULL, '3023204bc9d7b8adbcca7a182ff67520.jpg', '85000.00', '0.00', 10, 'pcs', 1, '2022-09-18 17:16:49'),
(35, 15, 'PSK120281', 'Pashmina Silver', NULL, '1bc1ad98362733465123553026447b6a.jpg', '100000.00', '0.00', 20, 'pcs', 1, '2022-09-18 17:18:01'),
(36, 15, 'PBBK145308', 'Pashmina Baby Blue', NULL, '7654891565f3fd3164d529a2ab8d2f8b.jpg', '100000.00', '0.00', 45, 'pcs', 1, '2022-09-18 17:18:28');

-- --------------------------------------------------------

--
-- Struktur dari tabel `product_category`
--

CREATE TABLE `product_category` (
  `id` int(10) NOT NULL,
  `name` varchar(191) NOT NULL
) ENGINE=InnoDB DEFAULT CHARSET=utf8mb4;

--
-- Dumping data untuk tabel `product_category`
--

INSERT INTO `product_category` (`id`, `name`) VALUES
(13, 'TUNIK'),
(15, 'KERUDUNG');

-- --------------------------------------------------------

--
-- Struktur dari tabel `reviews`
--

CREATE TABLE `reviews` (
  `id` bigint(20) NOT NULL,
  `user_id` bigint(20) UNSIGNED DEFAULT NULL,
  `order_id` bigint(20) DEFAULT NULL,
  `title` varchar(191) DEFAULT NULL,
  `review_text` mediumtext NOT NULL,
  `review_date` datetime NOT NULL,
  `status` tinyint(1) NOT NULL DEFAULT 1
) ENGINE=InnoDB DEFAULT CHARSET=utf8mb4;

--
-- Dumping data untuk tabel `reviews`
--

INSERT INTO `reviews` (`id`, `user_id`, `order_id`, `title`, `review_text`, `review_date`, `status`) VALUES
(2, 7, 6, 'Sangat puas', 'Pengiriman cepat dan sayur segar', '2020-03-30 08:31:31', 1),
(3, 7, 5, 'Buah segar', 'Buah segar dan kualitasnya sangat bagus', '2020-03-30 08:33:10', 1),
(4, 9, 12, 'Cocok ', 'Memudahkan saya dalam berbelanja keperluan masak tanpa keluar rumah', '2020-10-13 18:38:15', 1),
(5, 10, 14, 'Solusi Di Masa Pandemi', 'Pengiriman secepat kilat, jadi gaperlu repot repot antri ke pasar', '2020-10-13 18:57:08', 1),
(6, 11, 15, 'good', 'menawarkan kemudahan transaksi bagi penyedia barang ataupun pembeli', '2020-10-13 19:04:39', 1);

-- --------------------------------------------------------

--
-- Struktur dari tabel `roles`
--

CREATE TABLE `roles` (
  `id` int(10) NOT NULL,
  `role_name` varchar(191) NOT NULL
) ENGINE=InnoDB DEFAULT CHARSET=utf8mb4;

--
-- Dumping data untuk tabel `roles`
--

INSERT INTO `roles` (`id`, `role_name`) VALUES
(1, 'Admin'),
(2, 'Customer'),
(3, 'Gudang'),
(4, 'Pemilik');

-- --------------------------------------------------------

--
-- Struktur dari tabel `settings`
--

CREATE TABLE `settings` (
  `id` int(10) NOT NULL,
  `key` varchar(32) NOT NULL,
  `content` varchar(191) NOT NULL
) ENGINE=InnoDB DEFAULT CHARSET=utf8mb4;

--
-- Dumping data untuk tabel `settings`
--

INSERT INTO `settings` (`id`, `key`, `content`) VALUES
(1, 'current_theme_name', 'vegefoods'),
(2, 'store_name', 'Butik Mawar'),
(3, 'store_phone_number', '083100812111'),
(4, 'store_email', 'Butikmawar@demo.com'),
(5, 'store_tagline', 'Busana Muslimah Idaman Umat.'),
(6, 'store_logo', 'Logo.png'),
(7, 'max_product_image_size', '20000'),
(8, 'store_description', 'Menjual Busana Muslim dan Perlengkapan Haji.'),
(9, 'store_address', '	\n108 Jl. Nanggeleng - Cirahayu'),
(10, 'min_shop_to_free_shipping_cost', '50000'),
(11, 'shipping_cost', '5000'),
(12, 'payment_banks', '{\"bca\":{\"bank\":\"BCA\",\"number\":\"001002003\",\"name\":\"Mochamad Wildan \"}}');

-- --------------------------------------------------------

--
-- Struktur dari tabel `users`
--

CREATE TABLE `users` (
  `id` bigint(20) UNSIGNED NOT NULL,
  `name` varchar(50) COLLATE utf8mb4_unicode_ci DEFAULT NULL,
  `email` varchar(191) COLLATE utf8mb4_unicode_ci NOT NULL,
  `email_verified_at` timestamp NULL DEFAULT NULL,
  `username` varchar(16) COLLATE utf8mb4_unicode_ci NOT NULL,
  `password` varchar(191) COLLATE utf8mb4_unicode_ci NOT NULL,
  `profile_picture` varchar(128) COLLATE utf8mb4_unicode_ci DEFAULT NULL,
  `role_id` int(10) DEFAULT 0,
  `register_date` datetime DEFAULT NULL
) ENGINE=InnoDB DEFAULT CHARSET=utf8mb4 COLLATE=utf8mb4_unicode_ci;

--
-- Dumping data untuk tabel `users`
--

INSERT INTO `users` (`id`, `name`, `email`, `email_verified_at`, `username`, `password`, `profile_picture`, `role_id`, `register_date`) VALUES
(7, 'Kasir', 'bmkasir@gmail.com', NULL, 'bagkasir', '$2y$10$sUF2niy4ynKJteXlJhoxrOTABi/YeepmwbeWIZg/4TqmoV4J9QKlW', '0919f092a8487492631bc84b592a4b0a_icon-wajah1.png', 1, '2020-03-29 08:14:30'),
(8, 'Pembeli', 'pembeli@gmail.com', NULL, 'user1', '$2y$10$chkZ5TH8JoBetrJYsujw9eHTSgnp1iLG492o99duNcoYGIVGYP8Lu', NULL, 2, '2020-10-26 06:58:43'),
(10, 'Pembeli 2', 'pembeli2@gmail.com', NULL, 'user2', '$2y$10$BxWbJrsGG.grhKvrNQ6XvOU5lTPARmLOo58Rwuws1kFlze3r4YR1.', NULL, 2, '2020-10-26 07:15:59'),
(11, 'Pembeli 4', 'pembeli4@gmail.com', NULL, 'user4', '$2y$10$P25c7AP7HzotHYvRCvi8XukFH/wKW/IR0uBbOM9pPBKAif8WrR.Iu', NULL, 2, '2020-10-26 08:37:06'),
(12, 'Gudang', 'bm.gudang@gmail.com', NULL, 'baggudang', '$2y$10$XL1eETdjwPyxRBXsAz721uywhDJCgMC93w5rs53ouN1V.1gAGIcTe', NULL, 1, '2022-09-24 11:46:24'),
(13, NULL, 'aliabdurohman16@gmail.com', NULL, 'alia', '$2y$10$wN1kVorqjXT9VcrG3YEsAud7bIfARDMl.ppjZ8K.HtmuxWblU45qe', NULL, 1, '2022-09-25 13:28:13'),
(14, NULL, 'sasaa@gmail.com', NULL, 'cekcek', '$2y$10$m8L7Dv4hJ3khlem50WTdPOAQH/ejGkU7XbppmYc7Y.kF3CRcge0/y', NULL, 3, '2022-09-25 15:51:12');

--
-- Indexes for dumped tables
--

--
-- Indeks untuk tabel `ci_sessions`
--
ALTER TABLE `ci_sessions`
  ADD KEY `ci_sessions_timestamp` (`timestamp`);

--
-- Indeks untuk tabel `contacts`
--
ALTER TABLE `contacts`
  ADD PRIMARY KEY (`id`),
  ADD KEY `FK_contacts_contacts` (`parent_id`);

--
-- Indeks untuk tabel `coupons`
--
ALTER TABLE `coupons`
  ADD PRIMARY KEY (`id`);

--
-- Indeks untuk tabel `customers`
--
ALTER TABLE `customers`
  ADD PRIMARY KEY (`id`),
  ADD KEY `FK_customers_users` (`user_id`);

--
-- Indeks untuk tabel `orders`
--
ALTER TABLE `orders`
  ADD PRIMARY KEY (`id`),
  ADD KEY `FK_orders_users` (`user_id`),
  ADD KEY `FK_orders_coupons` (`coupon_id`);

--
-- Indeks untuk tabel `order_item`
--
ALTER TABLE `order_item`
  ADD PRIMARY KEY (`id`),
  ADD KEY `order_id` (`order_id`),
  ADD KEY `product_id` (`product_id`);

--
-- Indeks untuk tabel `payments`
--
ALTER TABLE `payments`
  ADD PRIMARY KEY (`id`),
  ADD KEY `order_id` (`order_id`);

--
-- Indeks untuk tabel `products`
--
ALTER TABLE `products`
  ADD PRIMARY KEY (`id`),
  ADD KEY `FK_products_product_category` (`category_id`);

--
-- Indeks untuk tabel `product_category`
--
ALTER TABLE `product_category`
  ADD PRIMARY KEY (`id`);

--
-- Indeks untuk tabel `reviews`
--
ALTER TABLE `reviews`
  ADD PRIMARY KEY (`id`),
  ADD KEY `FK_reviews_users` (`user_id`),
  ADD KEY `FK_reviews_orders` (`order_id`);

--
-- Indeks untuk tabel `roles`
--
ALTER TABLE `roles`
  ADD PRIMARY KEY (`id`);

--
-- Indeks untuk tabel `settings`
--
ALTER TABLE `settings`
  ADD PRIMARY KEY (`id`) USING BTREE;

--
-- Indeks untuk tabel `users`
--
ALTER TABLE `users`
  ADD PRIMARY KEY (`id`);

--
-- AUTO_INCREMENT untuk tabel yang dibuang
--

--
-- AUTO_INCREMENT untuk tabel `contacts`
--
ALTER TABLE `contacts`
  MODIFY `id` int(10) NOT NULL AUTO_INCREMENT, AUTO_INCREMENT=3;

--
-- AUTO_INCREMENT untuk tabel `coupons`
--
ALTER TABLE `coupons`
  MODIFY `id` bigint(20) NOT NULL AUTO_INCREMENT, AUTO_INCREMENT=7;

--
-- AUTO_INCREMENT untuk tabel `customers`
--
ALTER TABLE `customers`
  MODIFY `id` bigint(20) NOT NULL AUTO_INCREMENT, AUTO_INCREMENT=14;

--
-- AUTO_INCREMENT untuk tabel `orders`
--
ALTER TABLE `orders`
  MODIFY `id` bigint(20) NOT NULL AUTO_INCREMENT, AUTO_INCREMENT=18;

--
-- AUTO_INCREMENT untuk tabel `order_item`
--
ALTER TABLE `order_item`
  MODIFY `id` bigint(20) NOT NULL AUTO_INCREMENT, AUTO_INCREMENT=26;

--
-- AUTO_INCREMENT untuk tabel `payments`
--
ALTER TABLE `payments`
  MODIFY `id` bigint(20) NOT NULL AUTO_INCREMENT, AUTO_INCREMENT=6;

--
-- Ketidakleluasaan untuk tabel pelimpahan (Dumped Tables)
--

--
-- Ketidakleluasaan untuk tabel `orders`
--
ALTER TABLE `orders`
  ADD CONSTRAINT `orders_ibfk_1` FOREIGN KEY (`coupon_id`) REFERENCES `coupons` (`id`) ON DELETE CASCADE ON UPDATE CASCADE,
  ADD CONSTRAINT `orders_ibfk_2` FOREIGN KEY (`user_id`) REFERENCES `users` (`id`) ON DELETE CASCADE ON UPDATE CASCADE;

--
-- Ketidakleluasaan untuk tabel `order_item`
--
ALTER TABLE `order_item`
  ADD CONSTRAINT `order_item_ibfk_1` FOREIGN KEY (`product_id`) REFERENCES `products` (`id`) ON DELETE CASCADE ON UPDATE CASCADE;
COMMIT;

/*!40101 SET CHARACTER_SET_CLIENT=@OLD_CHARACTER_SET_CLIENT */;
/*!40101 SET CHARACTER_SET_RESULTS=@OLD_CHARACTER_SET_RESULTS */;
/*!40101 SET COLLATION_CONNECTION=@OLD_COLLATION_CONNECTION */;
